,Tweet Account,Text,Date,Compound,Positive,Negative,Neutral,Tweets Ago
0,@BBC,"üòº This seven-week-old jaguar is on a serious mission!  
#BigCatsAboutTheHouse https://t.co/JbiRyVXDCL",Wed Apr 04 07:00:06 +0000 2018,-0.1511,0.0,0.834,0.166,1
1,@BBC,"Philomena Cunk's landmark mockumentary series takes us through Britain's history, journeying from the Big Bang to B‚Ä¶ https://t.co/1rF5k3acxy",Tue Apr 03 20:03:05 +0000 2018,0.0772,0.071,0.929,0.0,2
2,@BBC,"üé≠ Andrew Scott performs the opening lines of #Shakespeare's most famous soliloquy. 

#Hamlet | Watch on @BBCiPlayer https://t.co/zZ15WjA9CL",Tue Apr 03 18:03:05 +0000 2018,0.0,0.0,1.0,0.0,3
3,@BBC,"No time to shop or cook? No problem! 
üç†ü•ëüçÖüçóü•í
These easy recipes only have five ingredients.
üëâ https://t.co/RanWkLFdlU https://t.co/moI1Af2olz",Tue Apr 03 17:03:04 +0000 2018,-0.5411,0.119,0.576,0.304,4
4,@BBC,"RT @BBCTwo: Tonight at 9pm, a cancer surgeon returns from annual leave to find his surgical list has snowballed due to staff shortages. #Ho‚Ä¶",Tue Apr 03 16:22:33 +0000 2018,-0.7351,0.0,0.735,0.265,5
5,@BBC,üêäüí¶ Fancy a dip? https://t.co/gpfkGcue3C,Tue Apr 03 16:02:04 +0000 2018,0.0,0.0,1.0,0.0,6
6,@BBC,"What's it like to live with a brain tumour? 
‚ù§Ô∏è Ten-year-old Josh says it's all about staying happy and thinking of‚Ä¶ https://t.co/HbjxBc3vYF",Tue Apr 03 15:05:05 +0000 2018,0.7351,0.246,0.754,0.0,7
7,@BBC,RT @BBCR1: Yessssss @NiallOfficial's Live Lounge cover of @juliamichaels' Issues is exactly what we needed today üòá https://t.co/WeYj36TR67,Tue Apr 03 14:50:24 +0000 2018,0.0,0.0,1.0,0.0,8
8,@BBC,RT @BBCFOUR: Meet the woman who rocked the darts world... https://t.co/qMkRuTGDmW,Tue Apr 03 14:47:02 +0000 2018,0.0,0.0,1.0,0.0,9
9,@BBC,RT @TWBBC: Koko is a gorilla who has learnt sign language and even appears to have learnt to lie. This suggests she has a 'theory of mind'‚Ä¶,Tue Apr 03 14:27:34 +0000 2018,0.0,0.0,1.0,0.0,10
10,@BBC,"A Chinese family have been reunited with their daughter after a 24 year search.
üëâ https://t.co/BDR7X4fukg https://t.co/J5BvVEw98q",Tue Apr 03 13:15:07 +0000 2018,0.0,0.0,1.0,0.0,11
11,@BBC,RT @bbccomedy: Philomena Cunk examines the barbaric conditions in which we keep today's dinosaurs. #CunkOnBritain @missdianemorgan https://‚Ä¶,Tue Apr 03 12:57:41 +0000 2018,0.0,0.0,1.0,0.0,12
12,@BBC,RT @BBCClick: Street Fighter II being played in your street? See how this classic game is brought to life with augmented reality! https://t‚Ä¶,Tue Apr 03 12:41:53 +0000 2018,0.5093,0.17,0.83,0.0,13
13,@BBC,#TheSecretHelpers is on @BBCTwo tonight at 7pm. üëâ https://t.co/grtaCChy4G,Tue Apr 03 12:05:58 +0000 2018,0.0,0.0,1.0,0.0,14
14,@BBC,"RT @BBCWales: The 2018 Commonwealth Games open today. Here's @TeamWales diver Aiden Heslop's story...

https://t.co/Rx0JsArMdi",Tue Apr 03 12:02:22 +0000 2018,0.0,0.0,1.0,0.0,15
15,@BBC,"Would you let a stranger help you in a nerve-wracking situation? 

Secret helpers in South Africa gave Jonny romanc‚Ä¶ https://t.co/LRwo1LQteF",Tue Apr 03 12:01:00 +0000 2018,0.5859,0.231,0.769,0.0,16
16,@BBC,"8-year-old Alexa is going blind, so she's created a list of things she wants to see before that happens. ‚ù§Ô∏èhttps://t.co/7UAs9sWBDn",Tue Apr 03 11:37:31 +0000 2018,-0.1082,0.104,0.773,0.123,17
17,@BBC,RT @bbcthesocial: We're looking for folk to make videos with us! Get involved üëá https://t.co/YY6eK82XPc,Tue Apr 03 11:28:48 +0000 2018,0.0,0.0,1.0,0.0,18
18,@BBC,"RT @BBCScotland: A classic nursery rhyme like you've never heard it before üêî 

@DaftLimmy returns to our tellies with Limmy's Homemade Show‚Ä¶",Tue Apr 03 11:22:03 +0000 2018,0.3612,0.116,0.884,0.0,19
19,@BBC,"When this woman visited an uninhabited Caribbean island, the last thing she expected was to find it covered in plas‚Ä¶ https://t.co/2sSod0k54f",Tue Apr 03 11:01:05 +0000 2018,0.0,0.0,1.0,0.0,20
20,@BBC,RT @bbcthesocial: We're flipping the script on dyslexia (watch to the end!) https://t.co/Bkc6IVWqQw,Tue Apr 03 10:55:48 +0000 2018,0.0,0.0,1.0,0.0,21
21,@BBC,"RT @BBCR1: ""Are you ready to pump for Justin?"" üòÇ

@MollieKing told @MattEdmondson she went on the Saturday Show to try to meet @JTimberlake‚Ä¶",Tue Apr 03 10:46:40 +0000 2018,0.3612,0.102,0.898,0.0,22
22,@BBC,RT @BBCOne: Good news klaxon! üéâShakespeare &amp; Hathaway - Private Investigators will return to @BBCOne for a second series. More info here üëâ‚Ä¶,Tue Apr 03 10:31:13 +0000 2018,0.4926,0.138,0.862,0.0,23
23,@BBC,üêæü¶ï New light has been shed on dinosaur evolution after giant prehistoric footprints were discovered on the Isle of‚Ä¶ https://t.co/n9FwbF9lHC,Tue Apr 03 09:29:03 +0000 2018,0.0,0.0,1.0,0.0,24
24,@BBC,"From Mary Beard not wanting to be a TV Presenter, to the people protecting art in war zones... 

Here are 9 fascina‚Ä¶ https://t.co/SbAVgjwbUE",Tue Apr 03 08:03:04 +0000 2018,-0.5994,0.0,0.837,0.163,25
25,@BBC,The winners of the Scottish Nature Photography Awards 2017 have been announced. üì∏ üê§ üå≥ https://t.co/VhRxiF5zl3 https://t.co/2SIwUQsHgH,Tue Apr 03 07:16:07 +0000 2018,0.7269,0.337,0.663,0.0,26
26,@BBC,"This is Maya the jaguar's very first swim! üò∫üí¶ #BigCatsAboutTheHouse 

https://t.co/IacZP3ltf3",Tue Apr 03 07:03:05 +0000 2018,0.0,0.0,1.0,0.0,27
27,@BBC,"Delve into the world of @agathachristie with Bill Nighy. üîç #OrdealByInnocence
https://t.co/6amR2TK52M",Mon Apr 02 20:02:08 +0000 2018,0.0,0.0,1.0,0.0,28
28,@BBC,"In a revealing and emotional journey, @LennyHenry investigates the relationship between the Commonwealth, the Carib‚Ä¶ https://t.co/b58oqaOqQz",Mon Apr 02 19:02:04 +0000 2018,0.1531,0.103,0.897,0.0,29
29,@BBC,"A fictionalised account of how Dave Allen became one of TV's greats. 

Dave Allen at Peace | 9pm | @BBCTwo |‚Ä¶ https://t.co/UFyHxzmRn2",Mon Apr 02 18:45:06 +0000 2018,0.5423,0.163,0.837,0.0,30
30,@BBC,"Would you try a blue cheese and pear ice cream? üç¶üßÄ

 https://t.co/g1zRQUKr0a",Mon Apr 02 17:08:03 +0000 2018,0.0,0.0,1.0,0.0,31
31,@BBC,"RT @BBCBreaking: South African anti-apartheid campaigner Winnie Mandela has died aged 81, her personal assistant says https://t.co/krdVvFLY‚Ä¶",Mon Apr 02 14:14:17 +0000 2018,-0.5574,0.0,0.816,0.184,32
32,@BBC,Is it easier to be a businesswoman in the West or in Asia? This is one woman's experience... https://t.co/fI84r6x06p,Mon Apr 02 13:32:07 +0000 2018,0.4215,0.141,0.859,0.0,33
33,@BBC,RT @BBCWorld: Hill Street Blues creator Steven Bochco dies aged 74 https://t.co/5lrOJWDuTu,Mon Apr 02 11:58:06 +0000 2018,0.0,0.0,1.0,0.0,34
34,@BBC,"""I have cerebral palsy. But that won't stop me from becoming a barrister."" 

This is Daniel's story. 
https://t.co/cvao6fjUoW",Mon Apr 02 11:07:00 +0000 2018,0.2235,0.106,0.894,0.0,35
35,@BBC,From Easter egg nest cakes to hot cross buns: @BBCFood have lots of Easter baking ideas!  üç∞üç´üê£‚Ä¶ https://t.co/BValJcDkAd,Mon Apr 02 10:02:06 +0000 2018,0.0,0.0,1.0,0.0,36
36,@BBC,"ü•ö üòÆ @SandiToksvig knows how to squeeze an egg into a glass bottle! #QI
 https://t.co/ykMxxdLKq7",Mon Apr 02 09:03:04 +0000 2018,0.0,0.0,1.0,0.0,37
37,@BBC,RT @BBCScotlandNews: Commonwealth Games: Eilidh Doyle chosen to be Scotland's first female flag bearer https://t.co/sX7vzZFn0E https://t.co‚Ä¶,Mon Apr 02 08:16:56 +0000 2018,0.0,0.0,1.0,0.0,38
38,@BBC,"RT @BBCRadio4: Why we ‚ù§ the Shipping Forecast - Discover the secrets of the iconic weather report 
https://t.co/ozBEl8gbWv https://t.co/eJt‚Ä¶",Mon Apr 02 08:14:23 +0000 2018,0.0,0.0,1.0,0.0,39
39,@BBC,"RT @BBCSport: ""The fans were demanding something, and I gave them Zlatan.""

Imagine football without this guy üòÇüôà https://t.co/CZIQnYFIPL",Mon Apr 02 08:14:09 +0000 2018,-0.2263,0.0,0.899,0.101,40
40,@BBC,"RT @CBeebiesHQ: Autism feels different for everybody ü§î

The #Pablo cast, show us how a person with autism might experience the world in thi‚Ä¶",Mon Apr 02 08:13:54 +0000 2018,0.0,0.0,1.0,0.0,41
41,@BBC,"If there's one thing we love even more than chocolate, it's news that it may actually be good for us! But can choco‚Ä¶ https://t.co/O5KlptGCV5",Mon Apr 02 08:08:05 +0000 2018,0.8122,0.251,0.749,0.0,42
42,@BBC,When you wake up and remember it's STILL the weekend. üòäüí§ #BankHoliday https://t.co/QMJ5lXS6dd,Mon Apr 02 08:02:00 +0000 2018,0.0,0.0,1.0,0.0,43
43,@BBC,"12-year-old Keilan has severe curvature of the spine. He needs surgery ASAP, but the operation could leave him para‚Ä¶ https://t.co/5wl8aXiahP",Mon Apr 02 07:26:06 +0000 2018,-0.2732,0.0,0.853,0.147,44
44,@BBC,"RT @BBCOne: CANNOT WAIT.  

@masterchefuk #Masterchef https://t.co/6ExjLKSaXF",Sun Apr 01 20:38:27 +0000 2018,0.0,0.0,1.0,0.0,45
45,@BBC,"Heiress Rachel Argyll is murdered at her family estate. Eighteen months later, the identity of the murderer is thro‚Ä¶ https://t.co/eLTDhy9dgj",Sun Apr 01 19:00:28 +0000 2018,-0.875,0.0,0.667,0.333,46
46,@BBC,"The Generation Game is back! Mel Giedroyc and @sueperkins host the fun family game show, with big prizes to be won‚Ä¶ https://t.co/fsdU2b5kkd",Sun Apr 01 18:00:27 +0000 2018,0.7644,0.248,0.752,0.0,47
47,@BBC,RT @BBCSport: Happy April Fool's Day everyone! https://t.co/8o8K1YO4SE,Sun Apr 01 17:42:22 +0000 2018,0.6114,0.363,0.637,0.0,48
48,@BBC,ü§ñ Who'd love their next takeaway to be delivered by a robot?  https://t.co/4GZxjNwc2K,Sun Apr 01 17:00:26 +0000 2018,0.6369,0.296,0.704,0.0,49
49,@BBC,"üê∞ You only need one piece of paper to make this origami Easter bunny! #EasterSunday 

üëâ https://t.co/2QvZ01DkVM https://t.co/EQyhG2J8TN",Sun Apr 01 16:03:03 +0000 2018,0.0,0.0,1.0,0.0,50
50,@BBC,What is it like to grow up with HIV? Three teenagers share their stories. https://t.co/DraVkYqRTn,Sun Apr 01 15:00:26 +0000 2018,0.5719,0.266,0.734,0.0,51
51,@BBC,RT @BBCNews: Royal wedding: Prince Harry and Meghan Markle choose flowers https://t.co/bEV8gIGXKN,Sun Apr 01 14:48:39 +0000 2018,0.0,0.0,1.0,0.0,52
52,@BBC,RT @BBCiPlayer: Remember when we discovered that penguins can actually fly? #WeAreStillShook üò±üò± https://t.co/K167WaTNN2,Sun Apr 01 14:47:16 +0000 2018,0.0,0.0,1.0,0.0,53
53,@BBC,"RT @bbcweather: As the RAF celebrates 100 years since its formation, here is a rather serene view of this morning's weather at #RAF #Lossie‚Ä¶",Sun Apr 01 12:19:34 +0000 2018,0.7717,0.242,0.758,0.0,54
54,@BBC,Our favourite #AprilFoolsDay was when spaghetti grew on trees in 1957. https://t.co/qRGuM9NnRZ,Sun Apr 01 12:14:27 +0000 2018,0.0,0.0,1.0,0.0,55
55,@BBC,Could poetry be used as a form of therapy? https://t.co/pw2hBG3heY,Sun Apr 01 12:00:24 +0000 2018,0.0,0.0,1.0,0.0,56
56,@BBC,RT @BBCOne: How not to prank your family this Easter. https://t.co/SMXFIukYMJ,Sun Apr 01 11:23:47 +0000 2018,0.0,0.0,1.0,0.0,57
57,@BBC,RT @bbcpress: Julien lives! @TchekyKaryo reprises his role as #TheMissing's Julien Baptiste in gripping new @BBCOne drama #Baptiste: https:‚Ä¶,Sun Apr 01 11:19:57 +0000 2018,0.0,0.0,1.0,0.0,58
58,@BBC,RT @BBCFood: See how Mary Berry does Easter at her house: https://t.co/qzrkDoA9fS https://t.co/AOUIOo4tgr,Sun Apr 01 11:18:20 +0000 2018,0.0,0.0,1.0,0.0,59
59,@BBC,Why do we find chocolate so irresistible? üç´ ü§î This is the secret reason why we love to eat it. üëâ‚Ä¶ https://t.co/C8FbJAZQ99,Sun Apr 01 11:04:05 +0000 2018,0.8083,0.289,0.711,0.0,60
60,@BBC,RT @bbcpress: üê∞üê∞üê∞ #HappyEaster from @RealBasilBrush - don't forget to watch #GenerationGame tonight on @BBCOne at 8pm after you've finished‚Ä¶,Sun Apr 01 10:37:30 +0000 2018,0.1695,0.085,0.915,0.0,61
61,@BBC,From traditional Easter lunch to laid-back seasonal feasts: @BBCFood have Easter entertaining covered. üê£üç´üê∞üç¥ https://t.co/PT7uD9UIvn,Sun Apr 01 10:27:03 +0000 2018,0.4404,0.172,0.828,0.0,62
62,@BBC,üç´üê£üé∂ @Stormzy1's cover of Sweet Like Chocolate from the @BBCR1 Live Lounge is an eggs-cellent way to start your East‚Ä¶ https://t.co/IHlTGrkmfv,Sun Apr 01 10:03:08 +0000 2018,0.6705,0.224,0.776,0.0,63
63,@BBC,"""I feel like I'm part of something"". ‚ù§Ô∏èÔ∏è üëÇüèº üç∫ Welcome to Deaf Pub, a place where members of the deaf community can‚Ä¶ https://t.co/kRwHqCBUrI",Sun Apr 01 09:24:05 +0000 2018,0.6705,0.216,0.784,0.0,64
64,@BBC,‚ù§Ô∏èüò¢ Man's best friend. https://t.co/xE4rkcBJNv,Sun Apr 01 08:32:07 +0000 2018,0.8126,0.712,0.288,0.0,65
65,@BBC,"RT @bbc5live: More parents are giving presents rather than Easter eggs to tackle obesity, according to new researchüç´üç´

Are you rationing yo‚Ä¶",Sat Mar 31 21:15:00 +0000 2018,0.3947,0.113,0.887,0.0,66
66,@BBC,"This seven-week-old jaguar is on a serious mission! üòº 

#BigCatsAboutTheHouse is available on @BBCiPlayer:‚Ä¶ https://t.co/FlxS0N0syY",Sat Mar 31 20:42:07 +0000 2018,-0.1511,0.0,0.883,0.117,67
67,@BBC,"RT @CBeebiesHQ: Eddie's ready, are you? üòÅ

Join him for a NEW #BedtimeStory üìöüí§
 
He reads 'Big little Hippo' tonight at 6:50pm ‚ú® https://t.‚Ä¶",Sat Mar 31 18:37:18 +0000 2018,0.5719,0.198,0.802,0.0,68
68,@BBC,"From creation to hatching, David Attenborough reveals the wonder behind eggs. ü•öüê¶ 

Natural World: Attenborough's Wo‚Ä¶ https://t.co/MEsvf2J89N",Sat Mar 31 18:02:02 +0000 2018,0.5574,0.235,0.765,0.0,69
69,@BBC,What makes Raquel Meseguer want to lie down in public ‚Äî no matter where she is?  https://t.co/I7DeEph5iD,Sat Mar 31 17:09:06 +0000 2018,-0.2023,0.136,0.739,0.125,70
70,@BBC,"RT @BBCWthrWatchers: If this photo doesn't suggest 'Easter', then what does?  Ruthy has captured the moment in Nantmel, Powys. https://t.co‚Ä¶",Sat Mar 31 16:31:15 +0000 2018,0.0,0.0,1.0,0.0,71
71,@BBC,"Easter music and readings from the Chapel of @Kings_College, Cambridge. ‚õ™Ô∏è üé∂

Easter from King's | 6:15pm | @BBCTwo‚Ä¶ https://t.co/IrttRAqpPA",Sat Mar 31 16:15:07 +0000 2018,0.0,0.0,1.0,0.0,72
72,@BBC,"RT @bbcthree: Someone's knitting cosy Easter postbox hats
https://t.co/XR2G6cj50y https://t.co/PsgJeP6f02",Sat Mar 31 15:43:37 +0000 2018,0.0,0.0,1.0,0.0,73
73,@BBC,"RT @BBCRadio3: Get ready to luxuriate in the sounds of this English choral masterpiece.
https://t.co/bMDLRqB33p",Sat Mar 31 15:42:42 +0000 2018,0.765,0.337,0.663,0.0,74
74,@BBC,RT @BBCLookEast: Here's the moment Stephen Hawking's funeral cortege arrived at the church in Cambridge. https://t.co/3Nu4GcHMoX,Sat Mar 31 15:42:08 +0000 2018,-0.3612,0.0,0.857,0.143,75
75,@BBC,"üòÇ True or false? 
@NiallOfficial screamed when @JustinBieber followed him on Twitter.  https://t.co/CIcv8AR2sy",Sat Mar 31 13:01:05 +0000 2018,0.128,0.185,0.662,0.152,76
76,@BBC,"This is what happens when you get an OWL to deliver the rings at your wedding... ü¶âüíçü§¶
https://t.co/yi1tbmLg99",Sat Mar 31 12:31:02 +0000 2018,0.0,0.0,1.0,0.0,77
77,@BBC,"‚úä Don't like plastic in the supermarkets? 
Why not bin the lot! ‚ôªÔ∏èüóëhttps://t.co/gfxquQUoj4",Sat Mar 31 11:50:05 +0000 2018,-0.3404,0.0,0.821,0.179,78
78,@BBC,It's still growing üò± https://t.co/T5YocDauYj,Sat Mar 31 11:28:03 +0000 2018,0.1779,0.362,0.638,0.0,79
79,@BBC,"RT @BBCArchive: Eh-oh! #OnThisDay 1997 the Teletubbies was first broadcast, featuring Tinky Winky, Dipsy, Laa-Laa, and Po. Again, again! ht‚Ä¶",Sat Mar 31 11:26:30 +0000 2018,-0.6351,0.0,0.82,0.18,80
80,@BBC,"RT @bbcgetinspired: BBC Get Inspired has teamed up with @PHE_uk's @OneYouPHE campaign to bring you the free #CouchTo5K smartphone app.

Sig‚Ä¶",Sat Mar 31 10:37:23 +0000 2018,0.7579,0.255,0.745,0.0,81
81,@BBC,RT @bbcthree: The amazing deaf dancer sharing his love and passion with others https://t.co/LdHnu8Fmct,Sat Mar 31 10:37:18 +0000 2018,0.93,0.58,0.42,0.0,82
82,@BBC,"üíª The world is running out of computer storage. 

ü§î Could DNA be the answer? https://t.co/ww2UziMrWn",Sat Mar 31 10:27:04 +0000 2018,0.0,0.0,1.0,0.0,83
83,@BBC,The greatest wall you've never heard of: these mesmerising mosaics are hidden in Pakistan's Lahore Fort. üòç‚Ä¶ https://t.co/1urqLOyZAw,Sat Mar 31 09:04:03 +0000 2018,0.6369,0.198,0.802,0.0,84
84,@BBC,"Thinking of getting off social media? 

These people did. Here's how they survive (and thrive).  https://t.co/5yB6SW1mTG",Sat Mar 31 08:04:03 +0000 2018,0.0,0.0,1.0,0.0,85
85,@BBC,Brown bear cubs living in the forests of Sweden are spending longer with their mothers. üêª üå≤ https://t.co/WILDpFotl9 https://t.co/RukaU9k8Ja,Sat Mar 31 07:03:06 +0000 2018,0.0,0.0,1.0,0.0,86
86,@BBC,"Everyone is at rock bottom. And then Matt makes things worse. ü§¶

@Matt_LeBlanc, @StephenMangan and Tamsin Greig are‚Ä¶ https://t.co/wMqkSpRiUJ",Fri Mar 30 20:23:06 +0000 2018,-0.4767,0.0,0.846,0.154,87
87,@BBC,üò±üëÄ When a cheetah interrupts your safari. https://t.co/Zi29GwxYA3,Fri Mar 30 19:00:32 +0000 2018,-0.3182,0.0,0.723,0.277,88
88,@BBC,"RT @BBCOne: The search is on for Britain‚Äôs Best Home Cook. 

#BBHC @ClaudiaWinkle @DanDoherty_ @Chris_Bavin https://t.co/yw46HaGnKW",Fri Mar 30 18:41:56 +0000 2018,0.6369,0.219,0.781,0.0,89
89,@BBC,"üòÇ 'JESUS DID NOT HAVE CUSTARD CREAMS!'

Don't let the Lent Police catch you cheating this #EasterWeekend. https://t.co/lLXFoF5fdg",Fri Mar 30 18:01:02 +0000 2018,-0.5983,0.0,0.804,0.196,90
90,@BBC,"An Oscar-winning short film, The Silent Child tells the story of a profoundly deaf child born to hearing parents, w‚Ä¶ https://t.co/AD1CGpoZvu",Fri Mar 30 17:29:06 +0000 2018,0.0,0.0,1.0,0.0,91
91,@BBC,"'Change doesn't come from outside.'

#Pilgrimage: The Road to Santiago | 9pm | @BBCTwo https://t.co/N4Fxc0EU77",Fri Mar 30 17:06:00 +0000 2018,0.0,0.0,1.0,0.0,92
92,@BBC,‚ù§Ô∏è A dying man was granted his final wish in hospital - a visit from his dog. https://t.co/xE4rkcBJNv,Fri Mar 30 16:26:45 +0000 2018,0.5719,0.266,0.734,0.0,93
93,@BBC,"The illegal wildlife trade is worth ¬£18bn per year, but @wildliferescue are working to turn it around.‚Ä¶ https://t.co/fe3MDr2TN9",Fri Mar 30 16:02:04 +0000 2018,-0.2144,0.073,0.81,0.116,94
94,@BBC,"RT @bbceurovision: üá¨üáß Presenting our 2018 dream team! @Grahnort hosts the Grand Final on @BBCOne. Fresh from You Decide, we welcome @Rylan!‚Ä¶",Fri Mar 30 15:25:47 +0000 2018,0.8715,0.377,0.623,0.0,95
95,@BBC,RT @BBCNews: Heartbeat actor Bill Maynard dies at 89 https://t.co/BMeMLwjPpV,Fri Mar 30 15:10:56 +0000 2018,0.0,0.0,1.0,0.0,96
96,@BBC,We use an estimated 8.5b plastic straws every year in the UK and they're among the top 10 items found in beach clea‚Ä¶ https://t.co/K9r6HRVu3V,Fri Mar 30 14:54:01 +0000 2018,0.2023,0.073,0.927,0.0,97
97,@BBC,Graphic artist Gabriella Marcella uses a vintage #Risograph printer to produce amazing designs. https://t.co/W9JK5vLbSf,Fri Mar 30 13:05:00 +0000 2018,0.5859,0.241,0.759,0.0,98
98,@BBC,"Meena was raised to be a ‚Äògood Indian girl' - to cook, clean and find a husband.

But as an environmental activist‚Ä¶ https://t.co/HWMRk97Wdm",Fri Mar 30 12:04:01 +0000 2018,0.4019,0.124,0.876,0.0,99
99,@BBC,RT @BBC6Music: Elementary! Martin Freeman and @ACIDJAZZRECS' @eddiepiller delve into their record bag(gins) to share some choice cuts as th‚Ä¶,Fri Mar 30 10:39:54 +0000 2018,0.4574,0.213,0.697,0.09,100
100,@CBS,Whose catchy tune will take Song Of The Year at the 53rd #ACMawards? Give it up for the four nominees -‚Ä¶ https://t.co/R9MtUNZtsw,Tue Apr 03 23:00:00 +0000 2018,0.0,0.0,1.0,0.0,1
101,@CBS,"Here's everything you need to know before tuning into Elton John: I'm Still Standing - A GRAMMY¬Æ Salute on Tuesday,‚Ä¶ https://t.co/C8fiKl4j98",Tue Apr 03 21:00:02 +0000 2018,0.0,0.0,1.0,0.0,2
102,@CBS,"In just one week, @eltonofficial and today's hottest stars in music will join together to celebrate Elton's countle‚Ä¶ https://t.co/ACQGHNWz8u",Tue Apr 03 18:00:00 +0000 2018,0.7096,0.258,0.742,0.0,3
103,@CBS,Tonight we #LightItUpBlue for greater understanding and acceptance. CBS supports #WorldAutismAwarenessDay by lighti‚Ä¶ https://t.co/hBAXcDvP4r,Tue Apr 03 05:17:01 +0000 2018,0.7906,0.421,0.579,0.0,4
104,@CBS,No one does it quite like @eltonofficial. The artist himself will belt out some of his chart-topping hits on Elton‚Ä¶ https://t.co/ckY4bUvTXI,Mon Apr 02 17:30:00 +0000 2018,0.1513,0.116,0.792,0.092,5
105,@CBS,The Las Vegas strip is about to light up brighter than ever before when Country Music‚Äôs Party Of The Year¬Æ takes ov‚Ä¶ https://t.co/j1A2ZVHAoO,Sun Apr 01 17:00:03 +0000 2018,0.6486,0.202,0.798,0.0,6
106,@CBS,"‚ÄúIf you don‚Äôt do something about it, then who are you? ‚Ä¶ It can happen to anyone.‚Äù - @aplusk 

Tonight at 10/9c, a‚Ä¶ https://t.co/EQabNc1UZI",Sat Mar 31 18:00:00 +0000 2018,0.0,0.0,1.0,0.0,7
107,@CBS,Give it up for @KelseaBallerini! This star is one of the Female Vocalist Of The Year nominees and she's ready to ta‚Ä¶ https://t.co/wLyHwkEGs2,Sat Mar 31 15:30:00 +0000 2018,0.4199,0.113,0.887,0.0,8
108,@CBS,Take and post a photo of the woman in your life who inspires you! The photo should only have one person against a n‚Ä¶ https://t.co/BHdxXlWfKP,Fri Mar 30 16:50:00 +0000 2018,0.4926,0.127,0.873,0.0,9
109,@CBS,"Expect epic performances by @kanebrown , @kelly_clarkson, @OfficialJackson, and more at this year's 53rd #ACMawards‚Ä¶ https://t.co/3yso7Z0cjv",Thu Mar 29 17:32:40 +0000 2018,0.0,0.0,1.0,0.0,10
110,@CBS,"Will @HIGHVALLEY, @LancoMusic, @LOCASHmusic, @MidlandOfficial, or @runawayjune be named New Vocal Duo Or Group Of T‚Ä¶ https://t.co/v0QIPLC47R",Thu Mar 29 17:30:02 +0000 2018,0.0,0.0,1.0,0.0,11
111,@CBS,Count on Entertainer Of The Year nominee @LukeBryanOnline to crash the party with an epic performance at the 53rd‚Ä¶ https://t.co/27ua60HTqu,Tue Mar 27 21:00:01 +0000 2018,0.3818,0.212,0.68,0.108,12
112,@CBS,Join @eltonofficial and some of today's hottest names in music when they take the stage to perform his most memorab‚Ä¶ https://t.co/jz0jaShZIj,Tue Mar 27 17:00:00 +0000 2018,0.296,0.099,0.901,0.0,13
113,@CBS,"RT @ACMawards: The ACM for New Vocal Group of the Year goes to @MidlandOfficial! And yes, that really was @Reba on the phone! #ACMawards ht‚Ä¶",Mon Mar 26 22:14:25 +0000 2018,0.508,0.12,0.88,0.0,14
114,@CBS,"RT @ACMawards: In case you didn‚Äôt know, the ACM for New Male Vocalist of the Year goes to @BrettYoungMusic. Check out his reaction when @Re‚Ä¶",Mon Mar 26 20:42:48 +0000 2018,0.0,0.0,1.0,0.0,15
115,@CBS,RT @ACMawards: Over the weekend @Reba called the ACM New Artist of the Year winners to let them know they had won! Let‚Äôs just say our New F‚Ä¶,Mon Mar 26 16:59:19 +0000 2018,0.7959,0.214,0.786,0.0,16
116,@CBS,"Congratulations to the 53rd #ACMawards New Artist winners @Lauren_Alaina, @MidlandOfficial, and @BrettYoungMusic! W‚Ä¶ https://t.co/Fr8H4arwGj",Mon Mar 26 16:05:18 +0000 2018,0.807,0.378,0.622,0.0,17
117,@CBS,New start times in East/Central Time Zones #60Minutes 7:35ET/6:35CT #Instinct  8:35ET/7:35CT #NCISLA 9:35ET/8:35CT‚Ä¶ https://t.co/8W5hAeLrvs,Sun Mar 25 23:57:34 +0000 2018,0.0,0.0,1.0,0.0,18
118,@CBS,Don‚Äôt miss a minute of the action. Stream the¬†Elite Eight¬Æ¬†games LIVE today starting at 2PM ET with a FREE trial of‚Ä¶ https://t.co/8NwU8HdiHR,Sun Mar 25 17:15:25 +0000 2018,0.5319,0.157,0.78,0.062,19
119,@CBS,RT @MomCBS: That's a wrap on the #Mom panel at #PaleyFest! Thanks for following along! https://t.co/we4JgqPt6P,Sat Mar 24 22:46:53 +0000 2018,0.5399,0.199,0.801,0.0,20
120,@CBS,RT @MomCBS: A fan just commented that #Mom helped bring him out of a deep depression. üíúüíúüíú #PaleyFest,Sat Mar 24 22:46:43 +0000 2018,-0.34,0.115,0.7,0.185,21
121,@CBS,"RT @MomCBS: ""Go out for it anyway. If you're good for the role, you're good for the role."" @theJaimePressly's advice for aspiring actors wi‚Ä¶",Sat Mar 24 22:25:03 +0000 2018,0.7003,0.209,0.791,0.0,22
122,@CBS,RT @MomCBS: Mom Co-Creator @GemmaRBaker just pointed out her own #Mom in the audience at #PaleyFest! üíú,Sat Mar 24 22:21:37 +0000 2018,0.0,0.0,1.0,0.0,23
123,@CBS,"RT @MomCBS: ""I'm not someone in recovery who goes to AA, but I have taken so much away from it...to take one day at a time."" - @theJaimePre‚Ä¶",Sat Mar 24 22:21:34 +0000 2018,0.0,0.0,1.0,0.0,24
124,@CBS,"RT @MomCBS: ""You get to appreciate working with such talented people."" - @AnnaKFaris #Mom #PaleyFest",Sat Mar 24 22:21:26 +0000 2018,0.7184,0.333,0.667,0.0,25
125,@CBS,RT @MomCBS: ‚ÄúI love this job. I love working with these women. I love working in front of the live audience‚Ä¶ It‚Äôs alive and it‚Äôs fun.‚Äù - @A‚Ä¶,Sat Mar 24 22:21:23 +0000 2018,0.9451,0.42,0.58,0.0,26
126,@CBS,"Get on your feet for @Jason_Aldean, @ThomasRhett, @ChrisStapleton, @KeithUrban, and @ChrisYoungMusic, the five nomi‚Ä¶ https://t.co/oT5ogjdj4x",Sat Mar 24 20:00:02 +0000 2018,0.0,0.0,1.0,0.0,27
127,@CBS,Get ready for some sweet games! Stream #5 Clemson vs #1 Kansas LIVE at 7PM ET and #11 Syracuse vs #2 Duke LIVE at 9‚Ä¶ https://t.co/4WstgrKNnW,Fri Mar 23 22:33:52 +0000 2018,0.6996,0.194,0.806,0.0,28
128,@CBS,RT @SEALTeamCBS: In honor of #NationalPuppyDay... üòç #SEALTeam https://t.co/4mIZPpiRlU,Fri Mar 23 22:33:04 +0000 2018,0.4939,0.314,0.686,0.0,29
129,@CBS,"RT @HawaiiFive0CBS: Nothing like a man and his dog! üòçüê∂ Happy #NationalPuppyDay to Eddie, the best pup on the Five-0 Task Force! #H50 https:‚Ä¶",Fri Mar 23 22:32:48 +0000 2018,0.8997,0.355,0.645,0.0,30
130,@CBS,Game on! 16 teams left and the race to the finish continues tonight. Stream #11 Loyola-Chicago vs #7 Nevada LIVE at‚Ä¶ https://t.co/W374rmzzoC,Thu Mar 22 22:10:29 +0000 2018,0.0,0.0,1.0,0.0,31
131,@CBS,Save the date! These are season finales you do NOT want to miss. RT if you're excited! https://t.co/UUQoWsPPSh https://t.co/cDl4WmxMtU,Thu Mar 22 20:52:02 +0000 2018,0.7081,0.311,0.623,0.066,32
132,@CBS,Congratulations to all of the @CBSDaytime nominees for the #DaytimeEmmys! See the full list of #DaytimeEmmy nominee‚Ä¶ https://t.co/ivJVJWvfsf,Thu Mar 22 00:23:38 +0000 2018,0.636,0.198,0.802,0.0,33
133,@CBS,Female Vocalist Of The Year nominee @MarenMorris will show her fans how it‚Äôs done when she takes the stage to showc‚Ä¶ https://t.co/PITjmAoFT8,Wed Mar 21 18:00:01 +0000 2018,0.0,0.0,1.0,0.0,34
134,@CBS,The legendary @Reba returns to host the 53rd #ACMawards and she‚Äôs proving just how comfortable she is behind the mi‚Ä¶ https://t.co/XPXcSPRXqC,Tue Mar 20 20:00:01 +0000 2018,0.5106,0.142,0.858,0.0,35
135,@CBS,RT @nancyodell: Told my daughter I'd be presenting at @ACMawards again this year. (Woot woot!We both luv country music!)She took this pic o‚Ä¶,Tue Mar 20 17:58:43 +0000 2018,0.0,0.0,1.0,0.0,36
136,@CBS,RT @ladyantebellum: Ecstatic to announce we'll be performing at the #ACMawards in Las Vegas again this year! https://t.co/Qfhs94j6FR,Tue Mar 20 16:52:42 +0000 2018,0.5562,0.174,0.826,0.0,37
137,@CBS,"Country superstars @kennychesney, @ladyantebellum, @blakeshelton, and @KeithUrban have just been added to the stell‚Ä¶ https://t.co/bJ4If7MacP",Tue Mar 20 16:11:00 +0000 2018,0.0,0.0,1.0,0.0,38
138,@CBS,"RT @YandR_CBS: Forever evolving, Forever inspiring, Forever Young and Restless. ‚ù§Ô∏è Get ready to celebrate 45 years of #YR starting in just‚Ä¶",Mon Mar 19 21:02:26 +0000 2018,0.7845,0.309,0.619,0.072,39
139,@CBS,New start times in East/Central Time Zones: #60Minutes 7:37ET/6:37CT #Instinct series premiere 8:37ET/7:37CT‚Ä¶ https://t.co/xT3YKqmu2M,Sun Mar 18 23:44:30 +0000 2018,0.0,0.0,1.0,0.0,40
140,@CBS,Spend your Sunday streaming Second Round games LIVE with a FREE trial of CBS All Access! https://t.co/3P85rXLy4b https://t.co/zbWfirD9Ju,Sun Mar 18 18:05:43 +0000 2018,0.6514,0.213,0.787,0.0,41
141,@CBS,"RT @instinctcbs: TONIGHT, Dr. Dylan Reinhart rewrites the book on abnormal behavior. Don't miss the premiere of #Instinct at 8/7c! https://‚Ä¶",Sun Mar 18 17:09:53 +0000 2018,0.1867,0.08,0.92,0.0,42
142,@CBS,"If any duo knows how to rock the stage, it's @FLAGALine. The Vocal Duo Of The Year nominee will perform live at the‚Ä¶ https://t.co/FknabB8NQp",Sat Mar 17 19:00:02 +0000 2018,0.0,0.0,1.0,0.0,43
143,@CBS,How is your bracket looking after last night? Stream Second Round games LIVE today with a FREE trial of CBS All Acc‚Ä¶ https://t.co/25JlIpgwog,Sat Mar 17 17:42:43 +0000 2018,0.6166,0.161,0.839,0.0,44
144,@CBS,Where better to spend #StPatricksDay than the place everybody knows your name? It‚Äôs just your luck that every singl‚Ä¶ https://t.co/Fom5wmdENL,Sat Mar 17 14:00:03 +0000 2018,0.7096,0.247,0.753,0.0,45
145,@CBS,Stars @JakeMcDorman and Nik Dodani will join the cast in the upcoming revival of Murphy Brown coming to CBS.‚Ä¶ https://t.co/JCAx29lo0i,Fri Mar 16 22:53:21 +0000 2018,0.296,0.104,0.896,0.0,46
146,@CBS,"RT @thegoodfight: Go behind the scenes with costume designer @DanLawsonStyle in ""Behind The Style,"" a new weekly video series all about the‚Ä¶",Fri Mar 16 18:15:53 +0000 2018,0.0,0.0,1.0,0.0,47
147,@CBS,The games have just begun! Continue to stream First Round games LIVE today with a FREE trial of CBS All Access:‚Ä¶ https://t.co/YTGsJ48zYP,Fri Mar 16 16:28:40 +0000 2018,0.6514,0.178,0.822,0.0,48
148,@CBS,"RT @TheTalkCBS: You asked, we answered! The fun never ends when the ladies #KeepTalking and answer your fan questions üó£üí¨‚û°Ô∏è https://t.co/ie1‚Ä¶",Thu Mar 15 17:54:06 +0000 2018,0.7088,0.237,0.763,0.0,49
149,@CBS,RT @instinctcbs: Dr. Dylan Reinhart is lured back into the field from his life of quiet academia when a certain serial killer makes things‚Ä¶,Thu Mar 15 17:20:26 +0000 2018,-0.4939,0.077,0.766,0.157,50
150,@CBS,Stream First Round games LIVE today starting at 12PM ET with a FREE trial of CBS All Access! https://t.co/3P85rXLy4b https://t.co/vZow3YD8cb,Thu Mar 15 16:42:41 +0000 2018,0.6514,0.194,0.806,0.0,51
151,@CBS,RT @CBSSports: It's the most wonderful time of the year. #MarchMadness https://t.co/e4c9qohqSR,Thu Mar 15 14:32:16 +0000 2018,0.6115,0.266,0.734,0.0,52
152,@CBS,"Give these ladies some love! @Lauren_Alaina, @DBradbery, @carlypearce, and @RaeLynn are nominated for New Female Vo‚Ä¶ https://t.co/IVhwURfJ3S",Wed Mar 14 19:30:01 +0000 2018,0.6696,0.219,0.781,0.0,53
153,@CBS,"RT @ManWithAPlan: Hungry for more #ManWithAPlan bloopers and behind-the-scenes videos featuring cast like @matt_leblanc, @thelizasnyder, @k‚Ä¶",Tue Mar 13 18:48:52 +0000 2018,0.3612,0.143,0.857,0.0,54
154,@CBS,"Music stars @MileyCyrus, @edsheeran, @ladygaga, and more will honor the legendary @eltonofficial and his hit songs‚Ä¶ https://t.co/UzxARCCLnI",Tue Mar 13 14:15:10 +0000 2018,0.539,0.179,0.821,0.0,55
155,@CBS,RT @thegoodfight: The verdict is in. The new season of #TheGoodFight is üî•üî•üî•! Stream it now on CBS All Access: https://t.co/FkYSNSXlRb https‚Ä¶,Mon Mar 12 18:13:28 +0000 2018,0.2244,0.083,0.917,0.0,56
156,@CBS,"RT @MadamSecretary: In less than an hour, #MadamSecretary's Keith Carradine will be taking over the @MadamSecretary Twitter page! Tweet alo‚Ä¶",Mon Mar 12 01:20:43 +0000 2018,0.0,0.0,1.0,0.0,57
157,@CBS,RT @DierksBentley: Take and post a photo of the woman in your life who inspires you daily! Use the hashtag #WomanAmenACM in your post for a‚Ä¶,Fri Mar 09 22:48:26 +0000 2018,0.4926,0.117,0.883,0.0,58
158,@CBS,"RT @MomCBS: If you missed guest star @KChenoweth in the latest episode of #Mom, not to worry! Watch now: https://t.co/RlvXoGOZ0l https://t.‚Ä¶",Fri Mar 09 22:24:20 +0000 2018,0.1275,0.113,0.795,0.092,59
159,@CBS,"Give a round of applause to @KelseaBallerini, @MirandaLambert, @Reba, @MarenMorris, and @CarrieUnderwood, the five‚Ä¶ https://t.co/Ncp1BTXx6N",Fri Mar 09 21:10:21 +0000 2018,0.4215,0.177,0.823,0.0,60
160,@CBS,"RT @thegoodfight: Smart, sexy, and sophisticated. See what's coming this season on #TheGoodFight. https://t.co/CuKhx2G50P https://t.co/ygTI‚Ä¶",Fri Mar 09 18:27:28 +0000 2018,0.8658,0.447,0.553,0.0,61
161,@CBS,RT @BlueBloods_CBS: Even stand-up guys fall down sometimes. #BlueBloods is new tonight at 10/9c! https://t.co/UOlDm22wWW,Fri Mar 09 16:02:27 +0000 2018,0.0,0.0,1.0,0.0,62
162,@CBS,Today and every day we celebrate the women in our lives who empower and inspire us. Share a story about an¬†influent‚Ä¶ https://t.co/9rVtqrElvT,Thu Mar 08 18:00:49 +0000 2018,0.8625,0.336,0.664,0.0,63
163,@CBS,Take and post a photo of the woman in your life who inspires you daily! Use the hashtag #WomanAmenACM in your post‚Ä¶ https://t.co/7ShhvE48zy,Thu Mar 08 17:03:04 +0000 2018,0.4926,0.132,0.868,0.0,64
164,@CBS,"RT @thegoodfight: Meticulously constructed. Soapy &amp; sexy. Intoxicating, savage television. üî• Here's what critics are saying about #TheGoodF‚Ä¶",Wed Mar 07 18:39:10 +0000 2018,-0.2023,0.15,0.619,0.23,65
165,@CBS,"This just in! @Jason_Aldean, @mirandalambert, @LukeBryanOnline, and many more are set to perform at the 53rd Academ‚Ä¶ https://t.co/mfxw2VxzU4",Wed Mar 07 17:06:02 +0000 2018,0.0,0.0,1.0,0.0,66
166,@CBS,"Meet the ensemble of talented actors slated to join $1, a new mystery series coming to CBS All Access:‚Ä¶ https://t.co/QoyYv7vxwg",Tue Mar 06 18:10:59 +0000 2018,0.6705,0.244,0.756,0.0,67
167,@CBS,"Will @Jason_Aldean, @garthbrooks, @LukeBryanOnline, @ChrisStapleton, or @KeithUrban be named Entertainer Of The Yea‚Ä¶ https://t.co/rMD8zjeX3s",Mon Mar 05 22:16:43 +0000 2018,0.3818,0.167,0.833,0.0,68
168,@CBS,"RT @thegoodfight: It feels good to be back. üë†üíÑüî• The season 2 premiere of #TheGoodFight is now streaming, exclusively on CBS All Access: htt‚Ä¶",Sun Mar 04 08:05:26 +0000 2018,0.4404,0.116,0.884,0.0,69
169,@CBS,"RT @thegoodfight: Tomorrow, #TheGoodFight is back. Stream the season 2 premiere only on CBS All Access: https://t.co/tNFR8LBJO2 https://t.c‚Ä¶",Sat Mar 03 20:55:20 +0000 2018,0.0,0.0,1.0,0.0,70
170,@CBS,"Who are the trailblazing women in your life that inspire you? Join CBS and the ANA's #SeeHer initiative, celebratin‚Ä¶ https://t.co/M0KqZ41Bes",Fri Mar 02 22:30:01 +0000 2018,0.7096,0.247,0.753,0.0,71
171,@CBS,"Join @maria_bello, @aishatyler and @TeaLeoni in celebrating the accomplishments of women who have contributed to th‚Ä¶ https://t.co/MefESBeFL3",Fri Mar 02 20:30:01 +0000 2018,0.7096,0.282,0.718,0.0,72
172,@CBS,"In honor of Women's History Month, CBS and the Association of National Advertisers' (ANA) #SeeHer initiative will p‚Ä¶ https://t.co/2wtYxKJVuO",Fri Mar 02 18:45:00 +0000 2018,0.4939,0.151,0.849,0.0,73
173,@CBS,RT @ZoeListerJones: Tonight‚Äôs an all new Life In Pieces and it‚Äôs directed by my ride or die @nataliaanderson!!!‚Ä¶ https://t.co/2LPfmyLWrY,Thu Mar 01 18:59:01 +0000 2018,-0.6981,0.0,0.79,0.21,74
174,@CBS,"RT @MarenMorris: Hot damn! Woke up from my post-wisdom teeth haze to find out I‚Äôm up for 4 @ACMawards ! So honored, especially for the Dear‚Ä¶",Thu Mar 01 18:12:57 +0000 2018,0.4547,0.159,0.749,0.092,75
175,@CBS,RT @KelseaBallerini: Ohhhhh goodness. Incredible. Thank you thank you thank you. #female https://t.co/1ZTYjNfQeF,Thu Mar 01 18:11:50 +0000 2018,0.8591,0.538,0.462,0.0,76
176,@CBS,RT @KeithUrban: ACMs...... HOLY SMOKES!!!!! MAD LOVE TO U ALL THIS MORNING  FOR THESE INCREDIBLE NOMINATIONS. I‚ÄôM EXTREMELY GRATEFUL!!!!!!!‚Ä¶,Thu Mar 01 18:10:50 +0000 2018,0.4885,0.234,0.615,0.151,77
177,@CBS,"RT @ACMawards: Congratulations to this year‚Äôs #ACMawards Video of the Year nominees:
‚ÄúBlack‚Äù - @DierksBentley
‚ÄúIt Ain‚Äôt My Fault‚Äù - @Brothe‚Ä¶",Thu Mar 01 14:36:21 +0000 2018,0.5994,0.178,0.822,0.0,78
178,@CBS,"RT @ACMawards: Please give a round of applause to this year‚Äôs #ACMawards Entertainer of the Year nominees: @Jason_Aldean, @GarthBrooks, @Lu‚Ä¶",Thu Mar 01 14:29:20 +0000 2018,0.7717,0.325,0.675,0.0,79
179,@CBS,".@ChrisStapleton, @ThomasRhett, @mirandalambert and more are all nominated for awards at Country Music's Party of t‚Ä¶ https://t.co/Vm1vXRUDYJ",Thu Mar 01 14:15:29 +0000 2018,0.6908,0.275,0.725,0.0,80
180,@CBS,"The Queen of Country, @Reba, is returning to host the 53rd #ACMawards on Sunday, April 15 at 8/7c. Here are a few o‚Ä¶ https://t.co/Iqzz6Gql01",Thu Mar 01 13:50:11 +0000 2018,0.0,0.0,1.0,0.0,81
181,@CBS,RT @survivorcbs: It‚Äôs time! #Survivor https://t.co/YPk6cGWrUA,Thu Mar 01 01:04:52 +0000 2018,0.0,0.0,1.0,0.0,82
182,@CBS,"RT @CBSThisMorning: TOMORROW: The nominees for the 2018 @ACMawards will be announced live by the one-and-only, @Reba! 

Watch on @CBS in ou‚Ä¶",Wed Feb 28 19:56:58 +0000 2018,0.0,0.0,1.0,0.0,83
183,@CBS,"RT @thegoodfight: From the set design and costumes to hair and makeup, the production quality is truly next-level. Take a peek inside the u‚Ä¶",Wed Feb 28 19:08:30 +0000 2018,0.4404,0.116,0.884,0.0,84
184,@CBS,RT @LivinBiblically: The fun continues on Facebook! The #LivingBiblically cast is live to talk about tonight‚Äôs premiere. Tune in here: http‚Ä¶,Tue Feb 27 03:23:47 +0000 2018,0.5562,0.152,0.848,0.0,85
185,@CBS,"RT @KevinCanWaitCBS: Can you get all the way through these #KevinCanWait bloopers without laughing?! @KevinJames,@LeahRemini and the rest o‚Ä¶",Mon Feb 26 22:50:32 +0000 2018,0.0,0.0,1.0,0.0,86
186,@CBS,"RT @ACMawards: That‚Äôs right! @Reba is headed to @CBSThisMorning on Thursday, March 1 to announce this year‚Äôs #ACMAwards' nominees. Tune in‚Ä¶",Mon Feb 26 21:08:30 +0000 2018,0.0,0.0,1.0,0.0,87
187,@CBS,"RT @ScorpionCBS: You can't hack your way to a 197 IQ, but you are well on your way with these Genius Facts from #TeamScorpion! üíª You can be‚Ä¶",Mon Feb 26 19:53:41 +0000 2018,0.4482,0.105,0.895,0.0,88
188,@CBS,RT @SuperiorDonuts: You can always count on @DavidKoechner for a laugh! Did your favorite Tush moment make the list? Catch a new #SuperiorD‚Ä¶,Mon Feb 26 18:32:36 +0000 2018,0.784,0.266,0.734,0.0,89
189,@CBS,RT @TheTalkCBS: TODAY: We loved them together then &amp; we love seeing them together now! Welcome back to the show @THESaraGilbert‚Äã's good fri‚Ä¶,Mon Feb 26 18:20:16 +0000 2018,0.9359,0.429,0.571,0.0,90
190,@CBS,"RT @thegoodfight: As foundations begin to crumble, our characters struggle to make sense of this new dystopian world. The cast teases what'‚Ä¶",Mon Feb 26 16:53:56 +0000 2018,-0.5423,0.0,0.816,0.184,91
191,@CBS,"#LivingBiblically's @linzkraft and @jrfergjr appeared on @KCBS's Facebook Live this morning, talking all about what‚Ä¶ https://t.co/4RebcHuuMQ",Mon Feb 26 16:52:01 +0000 2018,0.0,0.0,1.0,0.0,92
192,@CBS,"RT @CBSSports: Introducing CBS Sports HQ, a New 24/7 Direct-to-Consumer Streaming Network for Sports News, Highlights, &amp; Analysis.

Stream‚Ä¶",Mon Feb 26 16:17:55 +0000 2018,0.0,0.0,1.0,0.0,93
193,@CBS,"RT @CBSBigBrother: It‚Äôs down to the final 5 celebrity Houseguests, and anyone could take home the grand prize! Tune in NOW to watch the #BB‚Ä¶",Mon Feb 26 01:12:32 +0000 2018,0.7644,0.231,0.769,0.0,94
194,@CBS,RT @startrekcbs: Binge the entire first season of #StarTrekDiscovery. All episodes now streaming exclusively on CBS All Access: https://t.c‚Ä¶,Sun Feb 25 21:51:32 +0000 2018,0.0,0.0,1.0,0.0,95
195,@CBS,"RT @thegoodfight: #TheGoodFight returns in 1 week. Season 2 premieres Sunday, March 4. https://t.co/nomCao1GWp https://t.co/BOn6bOe9Tb",Sun Feb 25 21:51:22 +0000 2018,0.0,0.0,1.0,0.0,96
196,@CBS,RT @thegoodfight: This is our new favorite thing. Christine Baranski debuted #TheGoodFight the Musical on @colbertlateshow last night! üéµüé§‚Ä¶,Fri Feb 23 18:15:40 +0000 2018,0.5093,0.155,0.845,0.0,97
197,@CBS,"RT @LivinBiblically: Confession time: have YOU ever hit the ""close door"" button in an elevator while somebody was approaching? The cast of‚Ä¶",Thu Feb 22 19:26:52 +0000 2018,0.0,0.0,1.0,0.0,98
198,@CBS,RT @CBSEyeSpeak: Mark your calendars! #CBSEyeSpeak kicks off March 14 with The EYE Speak Summit. Follow our page for more details! https://‚Ä¶,Wed Feb 21 19:20:04 +0000 2018,0.0,0.0,1.0,0.0,99
199,@CBS,"RT @CBSEyeSpeak: Proud to announce a new CBS initiative, promoting female empowerment and developing the next generation of leaders through‚Ä¶",Wed Feb 21 18:19:25 +0000 2018,0.6808,0.248,0.752,0.0,100
200,@CNN,"""The Chinese side has come (to Moscow) to show Americans the close ties between the armed forces of China and Russi‚Ä¶ https://t.co/JLV0Nh9R2R",Wed Apr 04 06:52:05 +0000 2018,0.0,0.0,1.0,0.0,1
201,@CNN,A woman who injured three people in a shooting at YouTube headquarters in Northern California has been identified a‚Ä¶ https://t.co/1JdnL7RJdO,Wed Apr 04 06:43:37 +0000 2018,-0.4019,0.0,0.863,0.137,2
202,@CNN,"Six months after hurricanes ravaged the island, Puerto Rico experienced a tourism boom this Easter https://t.co/PogKAEU1Wg",Wed Apr 04 06:31:04 +0000 2018,0.0,0.0,1.0,0.0,3
203,@CNN,Judges on the popular UK television show 'Masterchef' have sparked an international incident after they criticized‚Ä¶ https://t.co/Qp4JI3Ws2l,Wed Apr 04 06:20:08 +0000 2018,0.4215,0.149,0.851,0.0,4
204,@CNN,President Trump's attacks on Amazon are a problem for your 401(k) https://t.co/MAR49jYFNo https://t.co/rxiucRSoNh,Wed Apr 04 06:16:02 +0000 2018,-0.5994,0.104,0.552,0.344,5
205,@CNN,"A filmmaker claims the creators of ""Stranger Things"" took the idea for the hit Netflix show from him, and he's read‚Ä¶ https://t.co/Q2uHZbd6CG",Wed Apr 04 06:13:58 +0000 2018,0.0,0.0,1.0,0.0,6
206,@CNN,"The long list of about 1,300 Chinese products that could be subject to US tariffs is here. Key areas of focus inclu‚Ä¶ https://t.co/5dHCkUlzgA",Wed Apr 04 06:01:06 +0000 2018,0.0,0.0,1.0,0.0,7
207,@CNN,"Unusual forms of ""nightmare"" antibiotic-resistant bacteria have been detected in 27 states, according to a CDC repo‚Ä¶ https://t.co/snkjpbgYVr",Wed Apr 04 05:46:03 +0000 2018,0.0,0.0,1.0,0.0,8
208,@CNN,Big pharma's cash flood is drowning seniors | By Max Richtman via @CNNOpinion https://t.co/e68scWupS7 https://t.co/9rT01ANRnx,Wed Apr 04 05:31:03 +0000 2018,0.0,0.0,1.0,0.0,9
209,@CNN,The urban farms greening Paris https://t.co/O2El9ANV11 via @CNNStyle https://t.co/co0LqOgqHn,Wed Apr 04 05:16:05 +0000 2018,0.0,0.0,1.0,0.0,10
210,@CNN,President Trump on immigration: A fact check https://t.co/oHTMtmyVgF https://t.co/8WvCw0p6LK,Wed Apr 04 05:01:05 +0000 2018,0.0,0.0,1.0,0.0,11
211,@CNN,"70 cases of severe bleeding, including two deaths, have now been linked with synthetic cannabinoids -- often called‚Ä¶ https://t.co/peAE2JSwwl",Wed Apr 04 04:46:06 +0000 2018,-0.3818,0.0,0.874,0.126,12
212,@CNN,Dozens of train cars carrying 10 million pounds of poop have been stranded in a rural Alabama rail yard for almost‚Ä¶ https://t.co/5EiTYmAPAj,Wed Apr 04 04:31:07 +0000 2018,0.0,0.0,1.0,0.0,13
213,@CNN,"Jill McCabe, wife of fired former FBI Deputy Director Andrew McCabe, broke her silence Monday night regarding Presi‚Ä¶ https://t.co/Cd6fhP4oeE",Wed Apr 04 04:16:06 +0000 2018,-0.7506,0.0,0.726,0.274,14
214,@CNN,"Almost 28 years after it was launched, NASA's intrepid Hubble Space Telescope has helped astronomers spot the farth‚Ä¶ https://t.co/kICwkQGzIF",Wed Apr 04 04:01:05 +0000 2018,0.128,0.077,0.923,0.0,15
215,@CNN,"President Trump said he wants to involve the military with guarding the US southern border, but some lawmakers in C‚Ä¶ https://t.co/ne6c6urnCP",Wed Apr 04 03:46:05 +0000 2018,0.0,0.0,1.0,0.0,16
216,@CNN,Deputy Attorney General Rod Rosenstein has picked a veteran prosecutor to help him oversee the Russia probe at the‚Ä¶ https://t.co/4oq9WZeVIM,Wed Apr 04 03:31:05 +0000 2018,0.4019,0.13,0.87,0.0,17
217,@CNN,"RT @CNNTonight: Rep. Eric Swalwell: ""The President would best serve the country by just sitting down and coming clean with Bob Mueller. Inn‚Ä¶",Wed Apr 04 03:18:32 +0000 2018,0.7845,0.247,0.753,0.0,18
218,@CNN,JUST IN: The woman responsible for shooting three people at the YouTube headquarters in Northern California has bee‚Ä¶ https://t.co/TFMoLWxYME,Wed Apr 04 03:16:53 +0000 2018,0.3182,0.113,0.887,0.0,19
219,@CNN,A Trump appointee at the Department of Defense has resigned after a CNN KFile review found that he had posted birth‚Ä¶ https://t.co/0TWWvhscVN,Wed Apr 04 03:16:05 +0000 2018,-0.128,0.07,0.837,0.093,20
220,@CNN,"A filmmaker claims the creators of ""Stranger Things"" took the idea for the hit Netflix show from him, and he's read‚Ä¶ https://t.co/hKagZbOaJq",Wed Apr 04 03:11:04 +0000 2018,0.0,0.0,1.0,0.0,21
221,@CNN,"""I knew what I was doing when I signed up for this."" Amanda Girdler has been a teacher in Oklahoma City for three y‚Ä¶ https://t.co/TXd10VP9Du",Wed Apr 04 03:06:00 +0000 2018,0.0,0.0,1.0,0.0,22
222,@CNN,RT @AC360: President Trump keeps hammering Amazon. What's behind the recent Twitter tirade? @RandiKayeCNN reports https://t.co/cocCkmqddf h‚Ä¶,Wed Apr 04 03:03:46 +0000 2018,0.1779,0.096,0.904,0.0,23
223,@CNN,"This police officer in Chattanooga, Tennessee, took a break from hiding Easter eggs this week to bust a move with r‚Ä¶ https://t.co/G4u9kMtM9F",Wed Apr 04 03:01:11 +0000 2018,-0.296,0.0,0.896,0.104,24
224,@CNN,"""Preposterous and disingenuous."" That's how the Washington Post is describing President Trump's insinuation that Je‚Ä¶ https://t.co/kyXZ7dAHTS",Wed Apr 04 02:51:03 +0000 2018,0.0,0.0,1.0,0.0,25
225,@CNN,Facebook finds hundreds more accounts run by a Kremlin-linked troll group https://t.co/q78SFsLWZl https://t.co/uWQcpdRBjj,Wed Apr 04 02:46:06 +0000 2018,0.0,0.0,1.0,0.0,26
226,@CNN,Trump is on a tear about immigration. Here's what's really behind it | By Michael D'Antonio via @CNNOpinion‚Ä¶ https://t.co/vzLB1VQRxr,Wed Apr 04 02:31:06 +0000 2018,0.0,0.0,1.0,0.0,27
227,@CNN,"A woman shot three people at YouTube HQ in Northern California and then apparently took her own life, officials say‚Ä¶ https://t.co/6IrxOzHBnG",Wed Apr 04 02:21:54 +0000 2018,0.0,0.0,1.0,0.0,28
228,@CNN,President Trump said he'd send the military to help guard the border until his long-promised border wall is built.‚Ä¶ https://t.co/AHxvQvpBGe,Wed Apr 04 02:16:04 +0000 2018,0.4019,0.124,0.876,0.0,29
229,@CNN,"RT @AC360: .@FareedZakaria on President Trump's unexpected announcement he would withdraw US troops from Syria: ""His words are weightless..‚Ä¶",Wed Apr 04 02:13:13 +0000 2018,0.0,0.0,1.0,0.0,30
230,@CNN,Trump's smearing of Jill McCabe is an outrage we can't ignore | By Jill Filipovic via @CNNOpinion‚Ä¶ https://t.co/NtUqIu52t8,Wed Apr 04 02:01:04 +0000 2018,-0.2937,0.103,0.735,0.162,31
231,@CNN,"Obamacare sign-ups remained strong in 2018, despite the Trump administration's repeated attacks, but next year is u‚Ä¶ https://t.co/VOZw6gNYlo",Wed Apr 04 01:51:03 +0000 2018,0.0516,0.107,0.796,0.097,32
232,@CNN,Viacom and CBS have been dancing around each other for years. Now their reunion might actually happen. https://t.co/DSEZaH7Ccy,Wed Apr 04 01:46:02 +0000 2018,0.0,0.0,1.0,0.0,33
233,@CNN,"Martin Sorrell, the CEO of the world's biggest ad agency, is under investigation over claims of ""personal misconduc‚Ä¶ https://t.co/5vwhnvUJDh",Wed Apr 04 01:41:07 +0000 2018,0.0,0.0,1.0,0.0,34
234,@CNN,The Department of Homeland Security has confirmed that it has detected evidence of mobile snooping devices around W‚Ä¶ https://t.co/rBezhd3umU,Wed Apr 04 01:38:14 +0000 2018,0.34,0.118,0.882,0.0,35
235,@CNN,How much is President Trump's inner circle based on good looks? CNN's Jeanne Moos reports on Trump's obsession with‚Ä¶ https://t.co/Ya81yuIijR,Wed Apr 04 01:27:01 +0000 2018,0.128,0.124,0.773,0.103,36
236,@CNN,"""To think that after we've seen Las Vegas, Parkland, the Pulse nightclub shooting, that we would see an end to this‚Ä¶ https://t.co/bhslkTr8Ay",Wed Apr 04 01:24:32 +0000 2018,0.0,0.0,1.0,0.0,37
237,@CNN,"As the nation remembers MLK's assassination in Memphis 50 years ago, CNN's John Blake writes that there's another l‚Ä¶ https://t.co/f5DNAWRD2c",Wed Apr 04 01:15:32 +0000 2018,-0.5994,0.0,0.83,0.17,38
238,@CNN,Special counsel Robert Mueller has told President Trump's lawyers that the President is not currently being conside‚Ä¶ https://t.co/hvUYRijk7X,Wed Apr 04 01:09:31 +0000 2018,0.4019,0.137,0.863,0.0,39
239,@CNN,"Fred Guttenberg, father of a Parkland shooting victim: ""To win this in the long term, we need to break the back of‚Ä¶ https://t.co/KduBeXrekF",Wed Apr 04 01:01:14 +0000 2018,0.4019,0.147,0.772,0.081,40
240,@CNN,"For the first time in 50 years, Ambassador Andrew Young and the Rev. Jesse Jackson return together to the spot wher‚Ä¶ https://t.co/BFiETYT9Cw",Wed Apr 04 00:51:12 +0000 2018,0.0,0.0,1.0,0.0,41
241,@CNN,"RT @OutFrontCNN: ""There has been a soft invasion of the United States,"" says former Trump campaign adviser Steve Cortes. ""It's not an army‚Ä¶",Wed Apr 04 00:46:31 +0000 2018,0.4215,0.118,0.882,0.0,42
242,@CNN,An aide to EPA Administrator Scott Pruitt assisted last year in a search for housing options for Pruitt and his wif‚Ä¶ https://t.co/vc9OUBbm2Q,Wed Apr 04 00:39:56 +0000 2018,0.0,0.0,1.0,0.0,43
243,@CNN,"As questions swirled over whether or not he can hold onto his post, here's how the EPA's Scott Pruitt avoided tough‚Ä¶ https://t.co/03oYunWZ7u",Wed Apr 04 00:35:48 +0000 2018,-0.34,0.0,0.897,0.103,44
244,@CNN,Keeping them Honest: President Trump insists nobody has been tougher on Russia than him. That would probably come a‚Ä¶ https://t.co/UNdxuPhFOQ,Wed Apr 04 00:20:55 +0000 2018,0.6124,0.217,0.783,0.0,45
245,@CNN,"RT @OutFrontCNN: Scott Pruitt, the US Environmental Protection Agency administrator, is drawing scrutiny for his housing situation and trav‚Ä¶",Wed Apr 04 00:18:18 +0000 2018,0.0,0.0,1.0,0.0,46
246,@CNN,"Ratings for the first week of ""Roseanne"" tripled ABC's internal projections. Now the second week is here. Is there‚Ä¶ https://t.co/ozvBgFsCNR",Wed Apr 04 00:17:58 +0000 2018,0.0,0.0,1.0,0.0,47
247,@CNN,"RT @OutFrontCNN: ""Donald Trump needs to call out Putin and say this behavior of yours, like trying to kill Skripal is not good."" - Steve Ha‚Ä¶",Wed Apr 04 00:13:56 +0000 2018,-0.4939,0.083,0.762,0.156,48
248,@CNN,"This artist has reimagined world leaders, including Donald Trump, Angela Merkel, and Bashar al-Assad, as refugees‚Ä¶ https://t.co/KfsRMh2NHE",Wed Apr 04 00:08:21 +0000 2018,0.0,0.0,1.0,0.0,49
249,@CNN,The YouTube headquarters where a female shooter wounded three people before apparently taking her own life has more‚Ä¶ https://t.co/G52XSQdHXm,Wed Apr 04 00:05:17 +0000 2018,0.0,0.0,1.0,0.0,50
250,@CNN,"In 1979, Jim McGinley, a teacher at Oklahoma City Public Schools, went on strike for higher pay. Almost 40 years la‚Ä¶ https://t.co/Y2iQfHVkut",Tue Apr 03 23:55:52 +0000 2018,-0.2263,0.0,0.868,0.132,51
251,@CNN,"The FDA has issued a rare mandatory recall for all kratom products manufactured, processed, packed or held by Trian‚Ä¶ https://t.co/K7zcVHOc20",Tue Apr 03 23:47:47 +0000 2018,0.0772,0.067,0.933,0.0,52
252,@CNN,"President Trump: ""Amazon is gonna have to pay much more money to the Post Office. There's no doubt about that""‚Ä¶ https://t.co/YSmOuqPkUi",Tue Apr 03 23:42:16 +0000 2018,-0.5267,0.069,0.685,0.246,53
253,@CNN,Stormy Daniels‚Äô lawyer reacts to @sethrogen saying he knew about the alleged affair between the porn star and Donal‚Ä¶ https://t.co/8okCoRV2rf,Tue Apr 03 23:32:20 +0000 2018,0.0,0.0,1.0,0.0,54
254,@CNN,"A Kuwaiti court has sentenced a Lebanese man and his wife to death in absentia for the murder of a Filipina maid, t‚Ä¶ https://t.co/6RCraGxHrZ",Tue Apr 03 23:26:49 +0000 2018,-0.8658,0.0,0.65,0.35,55
255,@CNN,The bunny who stole the show at the 140th White House Easter Egg Roll https://t.co/VJ0sI839v9 https://t.co/XKKPtjFc50,Tue Apr 03 23:25:42 +0000 2018,0.0,0.0,1.0,0.0,56
256,@CNN,Intel shares dipped several percentage points on a report that Apple plans to start making its own processors for M‚Ä¶ https://t.co/4I4LmMsk4u,Tue Apr 03 23:22:37 +0000 2018,0.296,0.104,0.896,0.0,57
257,@CNN,"Some oddities ‚Äî like flamethrowers, bookbinding machines and artificial teeth ‚Äî also made the cut for the Trump adm‚Ä¶ https://t.co/93frkbAxPX",Tue Apr 03 23:20:46 +0000 2018,0.1027,0.121,0.777,0.102,58
258,@CNN,China's aerospace and manufacturing industries are key areas of focus on the Trump administration's list of about 1‚Ä¶ https://t.co/mdEEPRBkko,Tue Apr 03 23:14:32 +0000 2018,0.0,0.0,1.0,0.0,59
259,@CNN,"The long list of about 1,300 Chinese products that could be subject to US tariffs is here. Key areas of focus inclu‚Ä¶ https://t.co/U7FRwwn2dA",Tue Apr 03 23:10:17 +0000 2018,0.0,0.0,1.0,0.0,60
260,@CNN,RT @CNNSitRoom: Stormy Daniels‚Äô lawyer reacts to @sethrogen saying he knew about the alleged affair between the porn star and Donald Trump‚Ä¶,Tue Apr 03 23:08:57 +0000 2018,0.0,0.0,1.0,0.0,61
261,@CNN,Fears of a trade war between the US and China just escalated again. The Trump administration has published a list o‚Ä¶ https://t.co/tPoWWmkl3v,Tue Apr 03 23:00:41 +0000 2018,-0.7717,0.0,0.729,0.271,62
262,@CNN,The Mexican ambassador to the US said President Trump's apparent call for the US military to guard the US-Mexico bo‚Ä¶ https://t.co/eRvLXgwcwI,Tue Apr 03 22:52:10 +0000 2018,0.0,0.0,1.0,0.0,63
263,@CNN,"2 Florida Republicans call for the ouster of Scott Pruitt, the embattled administrator of the Environmental Protect‚Ä¶ https://t.co/oOF2GqIQjw",Tue Apr 03 22:45:51 +0000 2018,0.0,0.0,1.0,0.0,64
264,@CNN,"Prominent California lawmakers are watching closely the shooting at YouTube's headquarters, where police say at lea‚Ä¶ https://t.co/iocgKqmD27",Tue Apr 03 22:38:12 +0000 2018,0.3182,0.126,0.874,0.0,65
265,@CNN,"At least three people were wounded and the suspect, a woman, was found dead after a shooting on the campus of YouTu‚Ä¶ https://t.co/LpYkq31lwV",Tue Apr 03 22:28:30 +0000 2018,-0.7579,0.0,0.745,0.255,66
266,@CNN,A Cleveland fertility clinic is facing dozens of legal actions after failure of a cryopreservation tank containing‚Ä¶ https://t.co/POmV10cWZN,Tue Apr 03 22:16:12 +0000 2018,-0.4215,0.08,0.745,0.176,67
267,@CNN,"President Trump tweets he has been briefed on the shooting at YouTube headquarters and that his ""thoughts and praye‚Ä¶ https://t.co/VxlxNzirry",Tue Apr 03 22:01:54 +0000 2018,0.0,0.0,1.0,0.0,68
268,@CNN,Police chief on shooting at YouTube headquarters: The shooter is believed to be a woman and may have died from a se‚Ä¶ https://t.co/mt3eL2cy4N,Tue Apr 03 21:52:20 +0000 2018,-0.5574,0.0,0.847,0.153,69
269,@CNN,JUST IN: Law enforcement officials tell CNN that the suspected shooter at YouTube headquarters is dead‚Ä¶ https://t.co/81fgchNypt,Tue Apr 03 21:39:17 +0000 2018,-0.2263,0.0,0.894,0.106,70
270,@CNN,"Google Communications tweeted about the shooting at YouTube headquarters, saying that it was ""coordinating with aut‚Ä¶ https://t.co/bpPt6vC9LL",Tue Apr 03 21:30:48 +0000 2018,0.0,0.0,1.0,0.0,71
271,@CNN,CNN has learned that the US military is discussing sending more troops to Syria; US President Trump remarked last T‚Ä¶ https://t.co/GXPVk36iK1,Tue Apr 03 21:23:23 +0000 2018,0.0,0.0,1.0,0.0,72
272,@CNN,ISIS has claimed responsibility for an attack which killed four Christians in Pakistan's Balochistan province on Ea‚Ä¶ https://t.co/ZfjoeSlvGb,Tue Apr 03 21:10:06 +0000 2018,-0.8225,0.0,0.678,0.322,73
273,@CNN,JUST IN: There are a number of patients en route to hospitals after a reported shooting at YouTube headquarters --‚Ä¶ https://t.co/0gCg49OVV2,Tue Apr 03 21:05:07 +0000 2018,0.0772,0.067,0.933,0.0,74
274,@CNN,How office buildings are reducing their carbon footprint https://t.co/LIOBVMIMXq https://t.co/V7y2wbMGz0,Tue Apr 03 20:57:18 +0000 2018,0.0,0.0,1.0,0.0,75
275,@CNN,JUST IN: The ATF tweets they are responding to the reported shooting at YouTube headquarters https://t.co/tOU3JIfDRd https://t.co/yathGupTmp,Tue Apr 03 20:56:24 +0000 2018,0.0,0.0,1.0,0.0,76
276,@CNN,A YouTube employee was video-conferencing with someone in the building and heard people screaming; The person who w‚Ä¶ https://t.co/224riTVfsJ,Tue Apr 03 20:47:39 +0000 2018,-0.3818,0.0,0.867,0.133,77
277,@CNN,"Losing MLK ""hurts all the time,"" but we fight on, Jesse Jackson says https://t.co/D8wjj58LKK via @CNNOpinion https://t.co/MZFvFtqLhS",Tue Apr 03 20:44:17 +0000 2018,-0.7391,0.0,0.659,0.341,78
278,@CNN,"BREAKING: San Bruno, California, police tweet that they are responding to an active shooter at YouTube headquarters‚Ä¶ https://t.co/6YnFc2AdmE",Tue Apr 03 20:38:30 +0000 2018,0.4019,0.137,0.863,0.0,79
279,@CNN,"A House Republican called for the ouster of Scott Pruitt, the embattled administrator of the Environmental Protecti‚Ä¶ https://t.co/KsOGHnp3s2",Tue Apr 03 20:30:26 +0000 2018,0.0,0.0,1.0,0.0,80
280,@CNN,What to do when your boss forces you to read propaganda on air | By Steven Greenhouse via @CNNOpinion‚Ä¶ https://t.co/yADKK2A6tE,Tue Apr 03 20:18:02 +0000 2018,-0.25,0.0,0.9,0.1,81
281,@CNN,"Six months after hurricanes ravaged the island, Puerto Rico experienced a tourism boom this Easter https://t.co/xZOYq03CmJ",Tue Apr 03 20:13:06 +0000 2018,0.0,0.0,1.0,0.0,82
282,@CNN,"RT @TheLeadCNN: Today, the first person was sentenced in special counsel Robert Mueller‚Äôs investigation, as it pursues crimes related to Ru‚Ä¶",Tue Apr 03 20:10:12 +0000 2018,0.3818,0.118,0.833,0.048,83
283,@CNN,Stormy Daniels is requesting Treasury Department information filed by a bank about ‚Äúsuspicious‚Äù activity surroundin‚Ä¶ https://t.co/3HR7yRDS4b,Tue Apr 03 20:06:50 +0000 2018,0.2023,0.114,0.886,0.0,84
284,@CNN,The kiss of death in Trump's Cabinet is disagreeing with the boss | Analysis by CNN's Z. Byron Wolf‚Ä¶ https://t.co/9h7160N4V5,Tue Apr 03 20:06:08 +0000 2018,-0.2732,0.118,0.675,0.207,85
285,@CNN,"RT @CNNMoney: Dow jumps 388 points, recapturing most of Monday's drop. Amazon rebounds 1.5% after volatile day. Nasdaq gains 1%. https://t.‚Ä¶",Tue Apr 03 20:03:02 +0000 2018,0.1868,0.168,0.736,0.097,86
286,@CNN,Members of the last remaining and most powerful rebel group in the besieged Syrian enclave of Eastern Ghouta outsid‚Ä¶ https://t.co/BSVQ9lW8Dx,Tue Apr 03 20:01:08 +0000 2018,0.2992,0.135,0.784,0.082,87
287,@CNN,British scientists say they are unable to determine where the substance used to attack former Russian spy Sergei Sk‚Ä¶ https://t.co/lVxDXZysao,Tue Apr 03 19:56:03 +0000 2018,-0.4767,0.0,0.86,0.14,88
288,@CNN,Tiger Woods is returning to the Masters for the first time since 2015. He'll tee it up this week as one of the favo‚Ä¶ https://t.co/qrIt4THGJq,Tue Apr 03 19:51:13 +0000 2018,0.0,0.0,1.0,0.0,89
289,@CNN,RT @AC360: Former CIA Director Leon Panetta likens President Trump's choice of company for his Easter weekend of tweeting and golfing at Ma‚Ä¶,Tue Apr 03 19:46:20 +0000 2018,0.0,0.0,1.0,0.0,90
290,@CNN,5 things Beto O'Rourke's eye-popping fundraising reveals | Analysis by @CillizzaCNN https://t.co/rSo1oQ3VCv https://t.co/1nmMxj7llM,Tue Apr 03 19:43:04 +0000 2018,0.0,0.0,1.0,0.0,91
291,@CNN,"Bed Bath &amp; Beyond is allowing consumers to exchange Toys ""R"" Us or Babies ""R"" Us gift cards, but you'd better act f‚Ä¶ https://t.co/eZ6QsGWBjo",Tue Apr 03 19:38:06 +0000 2018,0.7003,0.209,0.791,0.0,92
292,@CNN,"California lawmakers have proposed a dramatic change in the standard for police use of deadly force, replacing the‚Ä¶ https://t.co/cj1AoAueBq",Tue Apr 03 19:33:05 +0000 2018,0.0,0.0,1.0,0.0,93
293,@CNN,10 South Florida cities have filed a lawsuit challenging a law that gives the state of Florida the authority to reg‚Ä¶ https://t.co/MpV1lcKQ1f,Tue Apr 03 19:28:09 +0000 2018,-0.0,0.133,0.78,0.087,94
294,@CNN,President Trump's attacks on Amazon are a problem for your 401(k) https://t.co/5KHj581wHX https://t.co/tdkoOIMTJI,Tue Apr 03 19:23:06 +0000 2018,-0.5994,0.104,0.552,0.344,95
295,@CNN,"EPA Administrator Scott Pruitt is drawing scrutiny for his housing situation and travel practices, but in his role‚Ä¶ https://t.co/Spv1phCwOf",Tue Apr 03 19:18:03 +0000 2018,0.0,0.0,1.0,0.0,96
296,@CNN,"RT @CNNnewsroom: Fmr. Director, US Ethics Office, says the President ""attacking"" a private company in this country is ""just unprecedented""‚Ä¶",Tue Apr 03 19:11:36 +0000 2018,0.0,0.0,1.0,0.0,97
297,@CNN,As the search continues for three siblings and questions mount over how the rest of their family ended up dead at t‚Ä¶ https://t.co/fhZOp9Mv8w,Tue Apr 03 19:10:02 +0000 2018,-0.6486,0.0,0.837,0.163,98
298,@CNN,Officials in Nigeria and Kenya are looking into whether data-crunching firm Cambridge Analytica tried to interfere‚Ä¶ https://t.co/RRYXP7irGU,Tue Apr 03 19:03:44 +0000 2018,0.0,0.0,1.0,0.0,99
299,@CNN,"Unusual forms of ""nightmare"" antibiotic-resistant bacteria have been detected in 27 states, according to a CDC repo‚Ä¶ https://t.co/3Z8zf6LQTM",Tue Apr 03 18:52:01 +0000 2018,0.0,0.0,1.0,0.0,100
300,@FoxNews,"Brandon Judd: ""We can get the border wall done as long as we have all of the Republicans behind [President‚Ä¶ https://t.co/6aTuE8wWp3",Wed Apr 04 07:00:01 +0000 2018,0.0,0.0,1.0,0.0,1
301,@FoxNews,"'24-hour overnight challenge' viral trend has teens, twentysomethings camping out in bizarre places https://t.co/fbH6s7y5rz",Wed Apr 04 06:55:00 +0000 2018,-0.25,0.083,0.769,0.147,2
302,@FoxNews,".@KenPaxtonTX: ‚ÄúIf @POTUS thinks the National Guard will help us, given the situation in Mexico and this caravan of‚Ä¶ https://t.co/cz5EUJu5VV",Wed Apr 04 06:50:00 +0000 2018,0.4019,0.124,0.876,0.0,3
303,@FoxNews,"On @IngrahamAngle‚Äã, @MonicaCrowley reacted to President @realDonaldTrump's plan to use the military to secure the U‚Ä¶ https://t.co/V84RgDEvG6",Wed Apr 04 06:45:00 +0000 2018,0.34,0.13,0.87,0.0,4
304,@FoxNews,.@Judgenap on U.S. Attorney John Huber to investigate @FBI https://t.co/Sbewi6IDSE,Wed Apr 04 06:40:00 +0000 2018,0.0,0.0,1.0,0.0,5
305,@FoxNews,".@POTUS: ‚ÄúWe intend to get along with China, but we have to do something very substantial about the trade deficit.‚Äù https://t.co/HV2J2RpKVR",Wed Apr 04 06:30:00 +0000 2018,0.3898,0.117,0.883,0.0,6
306,@FoxNews,A young student from the Great Heath Academy in the United Kingdom tries on firefighter gear as firefighters explai‚Ä¶ https://t.co/GYMtAclGaU,Wed Apr 04 06:25:00 +0000 2018,0.7845,0.289,0.711,0.0,7
307,@FoxNews,.@gen_jackkeane: ‚ÄúWe are pushing back on Russia and confronting them more than [@POTUS‚Äô] predecessor did for eight‚Ä¶ https://t.co/K8sNnFtG1W,Wed Apr 04 06:20:00 +0000 2018,-0.1531,0.0,0.914,0.086,8
308,@FoxNews,One sailor assigned to the Los Angeles-class attack submarine USS Topeka greets his wife with a rose during a homec‚Ä¶ https://t.co/ukm4xthITq,Wed Apr 04 06:15:00 +0000 2018,-0.3612,0.074,0.783,0.143,9
309,@FoxNews,".@MonicaCrowley: ""How refreshing to have an American commander-in-chief who means what he says, says what he means,‚Ä¶ https://t.co/qXxIBbKVAM",Wed Apr 04 06:10:00 +0000 2018,0.0,0.0,1.0,0.0,10
310,@FoxNews,.@POTUS on military guarding the U.S. southern border: ‚ÄúI think that it‚Äôs something we have to do.‚Äù‚Ä¶ https://t.co/h1Wn1Gk2RA,Wed Apr 04 06:05:00 +0000 2018,0.0,0.0,1.0,0.0,11
311,@FoxNews,"Michael Waltz: ""Unfortunately this president...is going to have to clean up the messes that #Obama left him after e‚Ä¶ https://t.co/ymkwDIZiBd",Wed Apr 04 06:00:00 +0000 2018,0.0772,0.117,0.779,0.104,12
312,@FoxNews,4 Marines feared dead in helicopter crash near US-Mexico border https://t.co/sQOiJ4MAej,Wed Apr 04 05:55:28 +0000 2018,-0.8807,0.0,0.407,0.593,13
313,@FoxNews,California cliff plunge investigation focuses on unaccounted-for Hart Tribe children https://t.co/aE8KJjFxlC,Wed Apr 04 05:55:00 +0000 2018,0.0,0.0,1.0,0.0,14
314,@FoxNews,"Brandon Judd, National Border Patrol Union President: ‚ÄúWe have to do something to secure the border so that we have‚Ä¶ https://t.co/ALTg5t0uuM",Wed Apr 04 05:50:00 +0000 2018,0.34,0.107,0.893,0.0,15
315,@FoxNews,"Death penalty for women having abortions? No, candidate clarifies https://t.co/pdSftNJGOt",Wed Apr 04 05:45:00 +0000 2018,-0.802,0.112,0.353,0.535,16
316,@FoxNews,"""Disgraceful!"": President @realDonaldTrump blasts @TheDemocrats, says they are obstructing Cabinet nominations https://t.co/FudSt9Ax0Q",Wed Apr 04 05:40:00 +0000 2018,0.0,0.0,1.0,0.0,17
317,@FoxNews,"On @AmericaNewsroom Tuesday, @CLewandowski_ talked about President @realDonaldTrump's plan to use the military to s‚Ä¶ https://t.co/nA2qUhLAet",Wed Apr 04 05:35:00 +0000 2018,0.0,0.0,1.0,0.0,18
318,@FoxNews,".@TGowdySC: ‚ÄúI‚Äôm worried about the divisiveness. I like contrast‚Ä¶but conflict is debilitating, and I just feel our‚Ä¶ https://t.co/z1SBwBxMBl",Wed Apr 04 05:30:00 +0000 2018,-0.25,0.125,0.65,0.225,19
319,@FoxNews,"'Upskirt' photos included shots of convicted man's co-workers, prosecutors say https://t.co/XNfyo2YwsK",Wed Apr 04 05:25:00 +0000 2018,0.0,0.0,1.0,0.0,20
320,@FoxNews,"@CLewandowski_: ‚ÄúA stock market that continues to go up. A president who‚Äôs defending our border, cutting taxes for‚Ä¶ https://t.co/zvfB9yaxee",Wed Apr 04 05:20:00 +0000 2018,-0.128,0.0,0.919,0.081,21
321,@FoxNews,".@POTUS: ‚ÄúWe have to have strong borders. We need the wall."" https://t.co/u9Y3juYKMJ",Wed Apr 04 05:15:00 +0000 2018,0.5106,0.231,0.769,0.0,22
322,@FoxNews,.@SebGorka: ‚ÄúIf you are seeking asylum‚Ä¶then you have to seek asylum in the first country that provides it after you‚Ä¶ https://t.co/gSv3v5Mjwx,Wed Apr 04 05:10:00 +0000 2018,0.0,0.0,1.0,0.0,23
323,@FoxNews,"'Nightmare bacteria' cases seen in 27 states, CDC reports https://t.co/gpjS1C7KCA",Wed Apr 04 05:05:00 +0000 2018,0.0,0.0,1.0,0.0,24
324,@FoxNews,".@POTUS: ‚ÄúWe have immigration laws that are laughed at by everybody and it‚Äôs got to be changed. We need the wall, w‚Ä¶ https://t.co/BKulOlh8oe",Wed Apr 04 05:00:00 +0000 2018,0.4588,0.12,0.88,0.0,25
325,@FoxNews,Co-designer of deadly Kansas waterslide that decapitated boy charged in child‚Äôs death https://t.co/FSwPtmFDhV,Wed Apr 04 04:55:00 +0000 2018,-0.6908,0.0,0.659,0.341,26
326,@FoxNews,Veteran fights homeowners association to keep flag outside of his home https://t.co/sCRJq5Vg0K,Wed Apr 04 04:50:00 +0000 2018,-0.4019,0.0,0.803,0.197,27
327,@FoxNews,".@CLewandowski_: ‚ÄúWe are a sovereign country. If we can‚Äôt control our borders, then we are nothing.‚Äù https://t.co/PPgDXpg3wO",Wed Apr 04 04:45:00 +0000 2018,0.0,0.0,1.0,0.0,28
328,@FoxNews,"David Ward, former ICE agent: ‚ÄúIf we don‚Äôt secure our border, what you saw in Europe is going to happen here in the‚Ä¶ https://t.co/ERKXGhMakA",Wed Apr 04 04:40:00 +0000 2018,0.34,0.094,0.906,0.0,29
329,@FoxNews,BREAKING NEWS: @YouTube shooter reportedly ID‚Äôd as woman with vendetta against company https://t.co/xdQjOoRukB,Wed Apr 04 04:36:11 +0000 2018,0.0,0.0,1.0,0.0,30
330,@FoxNews,'Austin Powers' actor Verne Troyer (Mini Me) reportedly hospitalized https://t.co/JIFLAf6e9Y,Wed Apr 04 04:35:00 +0000 2018,0.0,0.0,1.0,0.0,31
331,@FoxNews,".@POTUS: ‚ÄúWe cannot have people flowing into our country illegally, disappearing and by the way, never showing up t‚Ä¶ https://t.co/8nnTVZE7nK",Wed Apr 04 04:30:00 +0000 2018,0.0,0.0,1.0,0.0,32
332,@FoxNews,"'Roseanne' not as pro-Trump as reported, Kareem Abdul-Jabbar says https://t.co/oej3hiYjcN",Wed Apr 04 04:25:00 +0000 2018,0.0,0.0,1.0,0.0,33
333,@FoxNews,"WHERE'S THE FIRE? With sirens blaring, a National Guardsman, and Ohio firefighter, surprised his little girls as he‚Ä¶ https://t.co/G9UPwU8nWq",Wed Apr 04 04:20:00 +0000 2018,-0.3034,0.09,0.761,0.149,34
334,@FoxNews,".@RandPaul: ‚ÄúThe 1,100 people that are marching up through Mexico should be stopped at the border and they should b‚Ä¶ https://t.co/NOJg9GfAB0",Wed Apr 04 04:15:00 +0000 2018,-0.2263,0.0,0.913,0.087,35
335,@FoxNews,.@kayleighmcenany on President @realDonaldTrump: ‚ÄúLook at his success. This is a president setting records‚Ä¶This is‚Ä¶ https://t.co/8LlqYl9jgf,Wed Apr 04 04:10:00 +0000 2018,0.5719,0.209,0.791,0.0,36
336,@FoxNews,"On Tuesday, President @realDonaldTrump called for tougher border security, stating that ‚Äúwe have to change our immi‚Ä¶ https://t.co/q0ufnf0DW2",Wed Apr 04 04:05:00 +0000 2018,0.4767,0.204,0.796,0.0,37
337,@FoxNews,".@POTUS: ‚ÄúUntil we have a wall and proper security, we‚Äôre going to be guarding our border with the military.‚Äù https://t.co/pELlXRWeeL",Wed Apr 04 04:01:00 +0000 2018,0.34,0.118,0.882,0.0,38
338,@FoxNews,.@guypbenson on Amazon: ‚ÄúThis is a new form of capitalism‚Ä¶This is how creative destruction works.‚Äù @foxnewsnight https://t.co/2CsPiaoaDe,Wed Apr 04 03:54:36 +0000 2018,-0.0258,0.216,0.61,0.174,39
339,@FoxNews,#Trump: 'I want to get out' of Syria and 'bring our troops back home' https://t.co/qewbJrtSF1,Wed Apr 04 03:39:41 +0000 2018,0.0772,0.085,0.915,0.0,40
340,@FoxNews,".@JohnKasich in New Hampshire, hints at #Trump 2020 challenge: 'All my options are on the table'
https://t.co/wyF60UBoTH",Wed Apr 04 03:27:20 +0000 2018,0.0772,0.075,0.925,0.0,41
341,@FoxNews,".@KenPaxtonTX: ‚ÄúIf @POTUS thinks the National Guard will help us, given the situation in Mexico and this caravan of‚Ä¶ https://t.co/LU2wCn5IMf",Wed Apr 04 03:17:06 +0000 2018,0.4019,0.124,0.876,0.0,42
342,@FoxNews,".@ChrisNeiweem on @POTUS plans to bring troops back from Syria: ""It's a chess match and I think he's smart. Some of‚Ä¶ https://t.co/AUgclKJPlb",Wed Apr 04 03:01:56 +0000 2018,0.4019,0.124,0.876,0.0,43
343,@FoxNews,"Michael Waltz: ""Unfortunately this president...is going to have to clean up the messes that Obama left him after ei‚Ä¶ https://t.co/iB0JGy0LJb",Wed Apr 04 02:55:38 +0000 2018,0.0772,0.117,0.779,0.104,44
344,@FoxNews,Former ICE Special Agent: #Trump Policies Not Drastic; 'Returning to Status Quo' Before #Obama  #IngrahamAngle https://t.co/kwqwFATXzO,Wed Apr 04 02:45:43 +0000 2018,0.4019,0.153,0.847,0.0,45
345,@FoxNews,"On Tuesday, President @realDonaldTrump vowed to have the United States military guard the U.S.-Mexico border until‚Ä¶ https://t.co/E1zitEdgBo",Wed Apr 04 02:36:03 +0000 2018,0.4215,0.149,0.851,0.0,46
346,@FoxNews,"Colorado man arrested after attempting to enter @usairforce base, driving to school in minivan strapped with propan‚Ä¶ https://t.co/bOXzyCxMYm",Wed Apr 04 02:24:35 +0000 2018,-0.4767,0.0,0.846,0.154,47
347,@FoxNews,".@MonicaCrowley: ""How refreshing to have an American commander-in-chief who means what he says, says what he means,‚Ä¶ https://t.co/DsRXAwKi4s",Wed Apr 04 02:22:51 +0000 2018,0.0,0.0,1.0,0.0,48
348,@FoxNews,"Robbed of memories and money, a 96-year-old veteran gets his @FordMustang back in full glory https://t.co/NSgyQ0P5Pw",Wed Apr 04 02:14:33 +0000 2018,0.5423,0.2,0.8,0.0,49
349,@FoxNews,Man who threw banana peel at Dave Chappelle is now suing the comedian https://t.co/OFM9q1lpOq,Wed Apr 04 01:56:49 +0000 2018,0.128,0.156,0.719,0.126,50
350,@FoxNews,"Senate cracks down on election hacking, pushes bills to protect the vote https://t.co/h4NPZp7lJB",Wed Apr 04 01:45:19 +0000 2018,0.3818,0.178,0.822,0.0,51
351,@FoxNews,.@SebGorka: ‚ÄúIf you are seeking asylum‚Ä¶then you have to seek asylum in the first country that provides it after you‚Ä¶ https://t.co/9UGdHxUang,Wed Apr 04 01:36:51 +0000 2018,0.0,0.0,1.0,0.0,52
352,@FoxNews,#Trump would not be first president to send National Guard soldiers to US-Mexico border https://t.co/zVq43ASvT4,Wed Apr 04 01:28:28 +0000 2018,0.0,0.0,1.0,0.0,53
353,@FoxNews,Labrador Retrievers ranked most popular dog in America for 27 years running https://t.co/Vgq5xEXcmt,Wed Apr 04 01:15:41 +0000 2018,0.4754,0.205,0.795,0.0,54
354,@FoxNews,"Hotel lifts lifetime ban for man who destroyed room with pepperoni, flock of seagulls https://t.co/OmhYN8eNUe",Wed Apr 04 01:10:29 +0000 2018,-0.7783,0.0,0.657,0.343,55
355,@FoxNews,Mom praises @TSA employee who helped with her autistic son: She's from 'TSA heaven' https://t.co/tZm8JhIaEB,Wed Apr 04 01:00:14 +0000 2018,0.7717,0.34,0.66,0.0,56
356,@FoxNews,"Mueller claims #Trump is not criminal target in his investigation, report says https://t.co/J8zfc7sXqm",Wed Apr 04 00:50:58 +0000 2018,0.4168,0.188,0.812,0.0,57
357,@FoxNews,"Sheriff slams county's call for more police training as a 'slap in the face,' says it drives 'anti-law enforcement‚Ä¶ https://t.co/91nvwAaGDz",Wed Apr 04 00:45:07 +0000 2018,0.1531,0.082,0.918,0.0,58
358,@FoxNews,"Bus traveling from Houston crashes in Mexico, leaving 1 dead, multiple others injured, reports say https://t.co/scxEX5FF2s",Wed Apr 04 00:35:53 +0000 2018,-0.7906,0.0,0.65,0.35,59
359,@FoxNews,Stormy Daniels' lawyer requests 'suspicious' bank information linked to 'hush' payment https://t.co/uF1FQAtq1o,Wed Apr 04 00:26:39 +0000 2018,0.0,0.0,1.0,0.0,60
360,@FoxNews,".@jorgeramosnews on migrant caravan: ""I think, finally, the United States and #DonaldTrump, they've realized that t‚Ä¶ https://t.co/DecF0gA0Xc",Wed Apr 04 00:21:23 +0000 2018,0.4215,0.149,0.851,0.0,61
361,@FoxNews,".@jorgeramosnews: ""I don't think that bringing the military to the border is the right solution. I think it's going‚Ä¶ https://t.co/eOpyo6y7aa",Wed Apr 04 00:15:04 +0000 2018,0.3182,0.113,0.887,0.0,62
362,@FoxNews,"Chad Jenkins: ""This can happen anywhere and we, as American citizens, need to be prepared for this type of atrociou‚Ä¶ https://t.co/gzlyZXGreQ",Wed Apr 04 00:07:34 +0000 2018,0.2263,0.087,0.913,0.0,63
363,@FoxNews,".@CLewandowski_: ‚ÄúA stock market that continues to go up. A president who‚Äôs defending our border, cutting taxes for‚Ä¶ https://t.co/ZMB1dWbjny",Tue Apr 03 23:57:20 +0000 2018,-0.128,0.0,0.919,0.081,64
364,@FoxNews,.@SanBrunoPolice provide an update on Tuesday's shootings at @YouTube headquarters  https://t.co/X8Ja78j1d4 https://t.co/F0c6LeRen5,Tue Apr 03 23:46:47 +0000 2018,0.0,0.0,1.0,0.0,65
365,@FoxNews,".@TGowdySC: ‚ÄúI‚Äôm worried about the divisiveness. I like contrast‚Ä¶but conflict is debilitating, and I just feel our‚Ä¶ https://t.co/ooEpmb7x59",Tue Apr 03 23:39:36 +0000 2018,-0.25,0.125,0.65,0.225,66
366,@FoxNews,.@gen_jackkeane: ‚ÄúWe are pushing back on Russia and confronting them more than [@POTUS‚Äô] predecessor did for eight‚Ä¶ https://t.co/Lq99FSGTkA,Tue Apr 03 23:25:47 +0000 2018,-0.1531,0.0,0.914,0.086,67
367,@FoxNews,"Brandon Judd, National Border Patrol Union President: ‚ÄúWe have to do something to secure the border so that we have‚Ä¶ https://t.co/uUh4faCgYg",Tue Apr 03 23:18:05 +0000 2018,0.34,0.107,0.893,0.0,68
368,@FoxNews,Fitton: Op-Ed by Andrew McCabe's Wife Is 'Noise' So He Can Challenge FBI Ouster https://t.co/eT4zdfj6Xp,Tue Apr 03 23:14:40 +0000 2018,0.144,0.1,0.9,0.0,69
369,@FoxNews,"RT @FoxBusiness: .@AlvedaCKing on 50th anniversary of #MLKJr's 'I've been to the mountaintop' speech: ""Still, we must learn to live togethe‚Ä¶",Tue Apr 03 23:00:08 +0000 2018,0.0,0.0,1.0,0.0,70
370,@FoxNews,"#Trump Tells Latvian President to Call on Baltic Reporter, Not 'Fake News' US Press https://t.co/Vm6hYexIsP",Tue Apr 03 22:58:21 +0000 2018,-0.4767,0.0,0.819,0.181,71
371,@FoxNews,".@continetti: ""When [@POTUS] was inaugurated president, illegal border traffic dropped precipitously. It's now been‚Ä¶ https://t.co/Wf0TX3GZWT",Tue Apr 03 22:50:21 +0000 2018,-0.5574,0.0,0.795,0.205,72
372,@FoxNews,US proposes extra tariffs on $50B in Chinese products to protest tech theft https://t.co/q8ZiJiUBGD,Tue Apr 03 22:39:32 +0000 2018,-0.25,0.0,0.867,0.133,73
373,@FoxNews,Medical official: ‚ÄúWe now have 3 victims who have come in that we‚Äôve taken care of.‚Äù (via @FoxBusiness) https://t.co/e8aQUATiiv,Tue Apr 03 22:36:14 +0000 2018,0.2263,0.149,0.744,0.107,74
374,@FoxNews,"Moments ago, President @realDonaldTrump offered his thoughts and prayers to those affected by Tuesday's shooting at‚Ä¶ https://t.co/bJz9kJyHjT",Tue Apr 03 22:16:44 +0000 2018,-0.1531,0.0,0.909,0.091,75
375,@FoxNews,".@YouTube shooting sparks reaction from lawmakers, national figures https://t.co/2j2GFGHS9R",Tue Apr 03 21:56:44 +0000 2018,0.0,0.0,1.0,0.0,76
376,@FoxNews,"BREAKING: Woman found dead at @YouTube headquarters, believed to be shooter, police confirm; at least 4 wounded https://t.co/U3eZQUE0um",Tue Apr 03 21:53:49 +0000 2018,-0.6486,0.0,0.788,0.212,77
377,@FoxNews,"Authorities give an update on the active shooter situation at YouTube's headquarters in San Bruno, California. Cour‚Ä¶ https://t.co/TrMg49BxdN",Tue Apr 03 21:36:14 +0000 2018,0.4019,0.137,0.863,0.0,78
378,@FoxNews,'She Was Shot Ten Times': Witness Claims Seeing Two Women Shot at @YouTube HQ  https://t.co/EAvbSFmCs3,Tue Apr 03 21:29:03 +0000 2018,0.0,0.0,1.0,0.0,79
379,@FoxNews,"""There's a lot of police in that building."" Eyewitness describes police response to report of gunshots at @YouTube‚Ä¶ https://t.co/lf1Rixaa20",Tue Apr 03 21:13:33 +0000 2018,0.0,0.0,1.0,0.0,80
380,@FoxNews,.@YouTube employee describes seeing 'blood drips on the floor' amid active shooter reports https://t.co/R6FMYPHgyV,Tue Apr 03 21:09:31 +0000 2018,0.4019,0.172,0.828,0.0,81
381,@FoxNews,"Trump: 'I want to get out' of Syria and 'bring our troops back home' - via @brookefoxnews 
https://t.co/tYO5LHYiKH",Tue Apr 03 21:07:26 +0000 2018,0.0772,0.075,0.925,0.0,82
382,@FoxNews,"Authorities have responded to an active shooter situation at @YouTube's headquarters in San Bruno, California.‚Ä¶ https://t.co/U5ep2uLEdp",Tue Apr 03 21:05:28 +0000 2018,0.4019,0.153,0.847,0.0,83
383,@FoxNews,"""I was trying to find tools to help her and I found a bungee cord and I tied that around her leg to stop the blood‚Ä¶ https://t.co/nyqwfeRyAS",Tue Apr 03 21:04:07 +0000 2018,0.128,0.1,0.818,0.082,84
384,@FoxNews,"JUST IN: 'Multiple patients' hospitalized after reported @YouTube HQ shooting, officials say  https://t.co/FNBrozuksO",Tue Apr 03 20:47:32 +0000 2018,0.0,0.0,1.0,0.0,85
385,@FoxNews,"Police say 'active shooter' at @YouTube headquarters in San Bruno, California https://t.co/i9eyCbLWrQ",Tue Apr 03 20:40:12 +0000 2018,0.4019,0.197,0.803,0.0,86
386,@FoxNews,BREAKING: Gunshots reported at @YouTube headquarters in California https://t.co/IiVK9XZPOG,Tue Apr 03 20:21:20 +0000 2018,0.0,0.0,1.0,0.0,87
387,@FoxNews,"David Ward, former ICE agent: ‚ÄúIf we don‚Äôt secure our border, what you saw in Europe is going to happen here in the‚Ä¶ https://t.co/QYAtoJGqd4",Tue Apr 03 20:11:03 +0000 2018,0.34,0.094,0.906,0.0,88
388,@FoxNews,'Monster' diamondback rattlesnake spotted in Florida https://t.co/x3WlykSOUJ,Tue Apr 03 20:06:00 +0000 2018,0.0,0.0,1.0,0.0,89
389,@FoxNews,"John Kasich, in New Hampshire, hints at Trump 2020 challenge: 'All my options are on the table' https://t.co/wyF60UBoTH",Tue Apr 03 19:55:32 +0000 2018,0.0772,0.071,0.929,0.0,90
390,@FoxNews,Homeland Security finds suspected listening devices in Washington https://t.co/7FGRpX8wYr,Tue Apr 03 19:48:00 +0000 2018,0.128,0.212,0.619,0.168,91
391,@FoxNews,Family of 4 killed in Florida crash after seeing SpaceX launch https://t.co/YKZ2huoFcb,Tue Apr 03 19:40:37 +0000 2018,-0.802,0.0,0.556,0.444,92
392,@FoxNews,Big brother gets haircut to mimic sister's 10-inch brain surgery scar https://t.co/6vXIXAPJjj,Tue Apr 03 19:29:46 +0000 2018,0.0,0.0,1.0,0.0,93
393,@FoxNews,#Trump says 'nobody has been tougher on Russia' https://t.co/qewbJrtSF1,Tue Apr 03 19:18:14 +0000 2018,0.1779,0.175,0.825,0.0,94
394,@FoxNews,"Senate cracks down on election hacking, pushes bills to protect the vote https://t.co/7rCXnw0QeG",Tue Apr 03 19:06:02 +0000 2018,0.3818,0.178,0.822,0.0,95
395,@FoxNews,"WHERE'S THE FIRE? With sirens blaring, a National Guardsman, and Ohio firefighter, surprised his little girls as he‚Ä¶ https://t.co/kvt1UlcCSO",Tue Apr 03 18:57:58 +0000 2018,-0.3034,0.09,0.761,0.149,96
396,@FoxNews,".@POTUS: ‚ÄúWe have to have strong borders. We need the wall."" https://t.co/AMR7iZauQy",Tue Apr 03 18:21:50 +0000 2018,0.5106,0.231,0.769,0.0,97
397,@FoxNews,.@POTUS on military guarding the U.S. southern border: ‚ÄúI think that it‚Äôs something we have to do.‚Äù‚Ä¶ https://t.co/UCkZySycL4,Tue Apr 03 18:20:30 +0000 2018,0.0,0.0,1.0,0.0,98
398,@FoxNews,".@KerstiKaljulaid: ‚ÄúWe believe that peace, security, and prosperity depend on strong, sovereign nations that respec‚Ä¶ https://t.co/KJHrVqaWGU",Tue Apr 03 18:15:54 +0000 2018,0.8481,0.414,0.586,0.0,99
399,@FoxNews,.@POTUS says the military will secure the southern border until wall can be built https://t.co/opOzIjPCCp,Tue Apr 03 18:11:23 +0000 2018,0.34,0.146,0.854,0.0,100
400,@nytimes,"Grindr is facing a firestorm of criticism for sharing users‚Äô HIV status, sexual tastes and other intimate personal‚Ä¶ https://t.co/w4L39JPKD9",Wed Apr 04 07:02:06 +0000 2018,-0.0258,0.129,0.737,0.134,1
401,@nytimes,"The best TV shows and movies new to Netflix, Amazon and more in April https://t.co/k9Y6zFFb7a",Wed Apr 04 06:39:21 +0000 2018,0.7096,0.312,0.688,0.0,2
402,@nytimes,"""They can pin them on to their shirt collar or bra strap and lean over and take a hit every now and then, and who‚Äôs‚Ä¶ https://t.co/BlgSZSx8Lg",Wed Apr 04 06:22:22 +0000 2018,0.0,0.0,1.0,0.0,3
403,@nytimes,"Stanley Kubrick‚Äôs ""2001: A Space Odyssey"" turned 50 on Tuesday. Here's our favorite references from the pop culture‚Ä¶ https://t.co/qvg8Oop0QT",Wed Apr 04 06:05:46 +0000 2018,0.4588,0.15,0.85,0.0,4
404,@nytimes,"Amazon does not own The Washington Post. President Trump, however ‚Äî impervious to certain facts and armed with a Tw‚Ä¶ https://t.co/IeXlle3dIU",Wed Apr 04 05:49:18 +0000 2018,0.4215,0.183,0.817,0.0,5
405,@nytimes,RT @nytpolitics: Three days of presidential tweets contained many false and misleading accusations surrounding immigration policy. Here is‚Ä¶,Wed Apr 04 05:32:04 +0000 2018,-0.6124,0.0,0.762,0.238,6
406,@nytimes,"The EPA announced a plan to relax Obama-era greenhouse gas rules and said it would make California, which sets its‚Ä¶ https://t.co/acpy5D0f6M",Wed Apr 04 05:12:31 +0000 2018,0.4404,0.132,0.868,0.0,7
407,@nytimes,"What President Trump does on Twitter, President Recep Tayyip Erdogan of Turkey does in public speeches ‚Äî up to 3 of‚Ä¶ https://t.co/ypO5AO854G",Wed Apr 04 04:55:04 +0000 2018,0.0,0.0,1.0,0.0,8
408,@nytimes,RT @nytopinion: Scott Pruitt is continuing Donald Trump‚Äôs yearlong demolition of every important policy Barack Obama put in place to fight‚Ä¶,Wed Apr 04 04:42:04 +0000 2018,0.2023,0.083,0.917,0.0,9
409,@nytimes,"Apple has hired Google‚Äôs chief of search and artificial intelligence, a major coup in its bid to catch up to the ar‚Ä¶ https://t.co/dGOILTxxFu",Wed Apr 04 04:22:03 +0000 2018,0.4767,0.129,0.871,0.0,10
410,@nytimes,"RT @nytopinion: An ex-political analyst for Sinclair, @cliffschecter, says the broadcaster shouldn‚Äôt be allowed to expand its corrosive rol‚Ä¶",Wed Apr 04 04:02:06 +0000 2018,0.3182,0.113,0.887,0.0,11
411,@nytimes,RT @monicadavey1: A liberal judge wins a seat on the Wisconsin Supreme Court and Democrats say they see signs for November. https://t.co/vd‚Ä¶,Wed Apr 04 03:51:05 +0000 2018,0.8074,0.289,0.711,0.0,12
412,@nytimes,"Oklahoma, Kentucky, Arizona: The latest on the teachers in multiple states who have walked off the job or are makin‚Ä¶ https://t.co/1YO0i1e8tp",Wed Apr 04 03:47:04 +0000 2018,0.0,0.0,1.0,0.0,13
413,@nytimes,"The Trump administration said it will place a 25% tariff on electronic touch screens, iron and steel plates, medica‚Ä¶ https://t.co/ZtY7Eptmg8",Wed Apr 04 03:32:06 +0000 2018,0.0,0.0,1.0,0.0,14
414,@nytimes,RT @dealbook: Morgan Stanley has fired one of its high-performing financial advisers after The Times revealed that company officials knew t‚Ä¶,Wed Apr 04 03:17:05 +0000 2018,-0.5574,0.0,0.847,0.153,15
415,@nytimes,Want to find a city with a mix of jobs just like the place you already live in? Or maybe one that is as different a‚Ä¶ https://t.co/lUKE9GREw6,Wed Apr 04 03:02:01 +0000 2018,0.4215,0.142,0.858,0.0,16
416,@nytimes,"Grindr is facing a firestorm of criticism for sharing users‚Äô HIV status, sexual tastes and other intimate personal‚Ä¶ https://t.co/eAd9QssbRW",Wed Apr 04 02:47:03 +0000 2018,-0.0258,0.129,0.737,0.134,17
417,@nytimes,"If the addition of a citizenship question to the 2020 census reduces participation of noncitizens, here are the sta‚Ä¶ https://t.co/u2vOrOheEU",Wed Apr 04 02:32:06 +0000 2018,0.0,0.0,1.0,0.0,18
418,@nytimes,"RT @ceciliakang: Bezos: Alexa, Why Does Trump Pick on Amazon?
Alexa: Boss, You're Not Alone.
https://t.co/ovPE2adefw
w/ @shearm",Wed Apr 04 02:17:04 +0000 2018,-0.0772,0.086,0.812,0.102,19
419,@nytimes,"Next year‚Äôs L train shutdown will upend life in Manhattan, turning 14th Street into the busiest bus route in the co‚Ä¶ https://t.co/69l0IOaU4d",Wed Apr 04 02:02:03 +0000 2018,0.0,0.0,1.0,0.0,20
420,@nytimes,The snow monkeys of Japan like a nice warm bath. Scientists wanted to find out the real reason they sought out the‚Ä¶ https://t.co/msNUw3qcEc,Wed Apr 04 01:47:02 +0000 2018,0.7351,0.275,0.725,0.0,21
421,@nytimes,"Mick Mulvaney, the acting director of the Consumer Financial Protection Bureau, called on lawmakers to cripple the‚Ä¶ https://t.co/YF2PjqGa9N",Wed Apr 04 01:32:05 +0000 2018,0.0,0.0,1.0,0.0,22
422,@nytimes,"RT @nytopinion: When more Americans have died from guns since 1970 (1.4 million) than in all the wars in American history (1.3 million), ma‚Ä¶",Wed Apr 04 01:17:01 +0000 2018,-0.8158,0.0,0.747,0.253,23
423,@nytimes,The political calculus on guns shifted after the assassination of Rev. Dr. Martin Luther King Jr. https://t.co/FjPW9ZaJXT,Wed Apr 04 01:07:04 +0000 2018,-0.5994,0.0,0.804,0.196,24
424,@nytimes,Evening Briefing: Here's what you need to know at the end of the day https://t.co/1NT3oGoqJq,Wed Apr 04 00:57:06 +0000 2018,0.0,0.0,1.0,0.0,25
425,@nytimes,RT @daiwaka: A few new details from the police - shooting took place in the courtyard inside youtube hq. Shooter used a handgun. What we do‚Ä¶,Wed Apr 04 00:48:06 +0000 2018,0.0,0.0,1.0,0.0,26
426,@nytimes,Rep. Beto O‚ÄôRourke from El Paso has stunned political observers by raising more money than any Democrat who has eve‚Ä¶ https://t.co/KSHxWWoLer,Wed Apr 04 00:37:01 +0000 2018,-0.1027,0.0,0.935,0.065,27
427,@nytimes,RT @ByJamesWagner: welcome to new york? https://t.co/B6K8Kv7d3P,Wed Apr 04 00:29:36 +0000 2018,0.4588,0.333,0.667,0.0,28
428,@nytimes,"Why is ""The Bachelor"" so popular? A former producer says it speaks for itself. ""The journey is still a fantasy ‚Äî ba‚Ä¶ https://t.co/zr5TZJsxH9",Wed Apr 04 00:17:03 +0000 2018,0.5598,0.16,0.84,0.0,29
429,@nytimes,The Met Museum is preparing to shuffle some 700 paintings in a huge game of musical masterpieces https://t.co/3UERbPUFqF,Wed Apr 04 00:02:06 +0000 2018,0.7003,0.279,0.721,0.0,30
430,@nytimes,"RT @nytopinion: As the nation prepares to commemorate the 50th anniversary of the assassination of the Rev. Dr. Martin Luther King Jr., we‚Ä¶",Tue Apr 03 23:47:06 +0000 2018,-0.5994,0.0,0.849,0.151,31
431,@nytimes,"Stanley Kubrick‚Äôs ""2001: A Space Odyssey"" turns 50 today. Here's our favorite references from the pop culture of th‚Ä¶ https://t.co/n44ZDbz2kB",Tue Apr 03 23:32:04 +0000 2018,0.4588,0.143,0.857,0.0,32
432,@nytimes,"On a trip from Iraqi Kurdistan to Sinjar, @alissanyt encountered an unsettling number of checkpoints that made trav‚Ä¶ https://t.co/btGuNAbI3v",Tue Apr 03 23:17:08 +0000 2018,0.0772,0.071,0.929,0.0,33
433,@nytimes,Escalating hostilities signal what will likely be years of legal and political fights between the Trump White House‚Ä¶ https://t.co/ZR9tgXv2nB,Tue Apr 03 23:02:04 +0000 2018,-0.6486,0.064,0.687,0.249,34
434,@nytimes,"RT @NYTObits: Anna Chennault, one of the most visible private citizens in Washington and a secret emissary for Richard M. Nixon, has died h‚Ä¶",Tue Apr 03 22:50:59 +0000 2018,-0.5574,0.0,0.859,0.141,35
435,@nytimes,"In his last years, the Rev. Dr. Martin Luther King Jr. was grappling with many issues: workers rights, a sprawling‚Ä¶ https://t.co/hDl0HJkO2x",Tue Apr 03 22:30:16 +0000 2018,0.0,0.0,1.0,0.0,36
436,@nytimes,Evening Briefing: Here's what you need to know at the end of the day https://t.co/DfKdvi968S,Tue Apr 03 22:14:02 +0000 2018,0.0,0.0,1.0,0.0,37
437,@nytimes,"Breaking News: The suspect in the shooting at YouTube‚Äôs headquarters was a woman who apparently killed herself, the‚Ä¶ https://t.co/IVvhDrLg7E",Tue Apr 03 21:58:26 +0000 2018,-0.7717,0.0,0.705,0.295,38
438,@nytimes,"YouTube shooting updates:
‚Ä¢ The suspect was a woman who apparently killed herself, police said
‚Ä¢ At least four peop‚Ä¶ https://t.co/HjVE82GMRU",Tue Apr 03 21:54:43 +0000 2018,-0.7717,0.0,0.705,0.295,39
439,@nytimes,"Apple has hired Google‚Äôs chief of search and artificial intelligence, a major coup in its bid to catch up to the ar‚Ä¶ https://t.co/XRAp2c5neA",Tue Apr 03 21:53:03 +0000 2018,0.4767,0.129,0.871,0.0,40
440,@nytimes,A special court in The Hague is set to examine violence against ethnic Albanians in Kosovo by their former liberato‚Ä¶ https://t.co/FP7UOxs89j,Tue Apr 03 21:43:02 +0000 2018,-0.34,0.109,0.726,0.165,41
441,@nytimes,"Our reporter @daiwaka is in San Bruno, California, reporting on the YouTube shooting https://t.co/BYkk9Ghoeg",Tue Apr 03 21:31:00 +0000 2018,0.0,0.0,1.0,0.0,42
442,@nytimes,"Breaking News: A shooting at YouTube‚Äôs headquarters in California left several people hospitalized, the authorities‚Ä¶ https://t.co/XvcpHJ910s",Tue Apr 03 21:19:05 +0000 2018,0.0,0.0,1.0,0.0,43
443,@nytimes,He started to discover that maybe it‚Äôs not correcting bad science that the internet loves. What the internet really‚Ä¶ https://t.co/gkPybwTZZO,Tue Apr 03 21:15:05 +0000 2018,0.7615,0.267,0.733,0.0,44
444,@nytimes,"""This was the best lasagna I had ever eaten"" https://t.co/SUzMmFL6y8",Tue Apr 03 21:00:27 +0000 2018,0.6369,0.344,0.656,0.0,45
445,@nytimes,"Well off the beaten path and one of Africa‚Äôs last, great, uninhabited safari areas, the Selous delivers all the big‚Ä¶ https://t.co/7NKkVRCs3o",Tue Apr 03 20:45:06 +0000 2018,0.5267,0.23,0.667,0.104,46
446,@nytimes,"There have been reports of an active shooting at YouTube headquarters in San Bruno, California., the police said https://t.co/O6wcStWN0I",Tue Apr 03 20:36:20 +0000 2018,0.4019,0.13,0.87,0.0,47
447,@nytimes,RT @NYTStyles: Mary H.K. Choi aka @choitotheworld just wrote her first novel after basically wanting to write one her whole life. Do you ha‚Ä¶,Tue Apr 03 20:35:07 +0000 2018,0.3182,0.091,0.909,0.0,48
448,@nytimes,We also want your help in identifying some of the women and men who have appeared in iconic photos of the civil rig‚Ä¶ https://t.co/SiIa6msvMC,Tue Apr 03 20:30:00 +0000 2018,0.4588,0.154,0.846,0.0,49
449,@nytimes,"""Is this America, the land of the free and the home of the brave, where we have to sleep with our telephones off th‚Ä¶ https://t.co/VMqUGcFX9X",Tue Apr 03 20:27:00 +0000 2018,0.7717,0.226,0.774,0.0,50
450,@nytimes,Diane Nash led students in sit-ins and helped coordinate the historic 54-mile march from Selma to Montgomery. She h‚Ä¶ https://t.co/QFCyGnBRXQ,Tue Apr 03 20:24:00 +0000 2018,0.0,0.0,1.0,0.0,51
451,@nytimes,"Bernice Johnson Reagon, a leader in the movement, formed the award-winning a cappella group, Sweet Honey in the Roc‚Ä¶ https://t.co/kfohEPBYCZ",Tue Apr 03 20:21:00 +0000 2018,0.4588,0.15,0.85,0.0,52
452,@nytimes,Ella Baker convened a landmark meeting at Shaw University and encouraged student leaders to form their own organiza‚Ä¶ https://t.co/QTmNsrqJB7,Tue Apr 03 20:18:00 +0000 2018,0.4215,0.192,0.808,0.0,53
453,@nytimes,"Dorothy Cotton went from administrative assistant to Dr. King‚Äôs inner circle. Alongside Septima Clark, she taught s‚Ä¶ https://t.co/MO8ZKyqvJI",Tue Apr 03 20:15:00 +0000 2018,0.0,0.0,1.0,0.0,54
454,@nytimes,"Months before Rosa Parks took her seat on that bus, she attended civic engagement workshops. It was Septima Clark ‚Äî‚Ä¶ https://t.co/E6GSDZiYuz",Tue Apr 03 20:12:00 +0000 2018,0.4588,0.13,0.87,0.0,55
455,@nytimes,"When asked about the role of women in the movement, Juanita Jones Abernathy once said, ‚ÄúThe men ran the movement, b‚Ä¶ https://t.co/1xj1NnxvEo",Tue Apr 03 20:09:00 +0000 2018,0.0,0.0,1.0,0.0,56
456,@nytimes,"As president of the National Council of Negro Women, Dorothy Height was part of an elite group called ‚ÄúThe Big Six.‚Ä¶ https://t.co/c8BH3fxUS1",Tue Apr 03 20:06:01 +0000 2018,0.0,0.0,1.0,0.0,57
457,@nytimes,"Gloria Richardson, known as Glorious Gloria, famously waved away the bayonet of a National Guardsman at a protest i‚Ä¶ https://t.co/VlsOqL34Z1",Tue Apr 03 20:03:07 +0000 2018,0.4939,0.189,0.721,0.09,58
458,@nytimes,The Rev. Dr. Martin Luther King Jr. was assassinated 50 years ago. We delved into photo archives to pull out the le‚Ä¶ https://t.co/8Zrv5mhlm5,Tue Apr 03 20:00:10 +0000 2018,0.0,0.0,1.0,0.0,59
459,@nytimes,George Wallace's embrace of racial politics tells a broader story about America ‚Äî one that is still relevant today‚Ä¶ https://t.co/KYqmNrNQD0,Tue Apr 03 19:45:11 +0000 2018,0.3182,0.119,0.881,0.0,60
460,@nytimes,"Several other countries have modeled their vehicle standards after those in the U.S., so a rollback by the EPA coul‚Ä¶ https://t.co/dEu8KCULXq",Tue Apr 03 19:30:09 +0000 2018,0.0,0.0,1.0,0.0,61
461,@nytimes,"Elon Musk suggested in a tweet that he's sleeping at the factory and that ""car biz is hell"" https://t.co/BS0rrNMzls",Tue Apr 03 19:24:04 +0000 2018,-0.6808,0.0,0.787,0.213,62
462,@nytimes,RT @arappeport: White House turf battle threatens to delay tax law rollout w/ @jimtankersley https://t.co/DIx56NQSsX https://t.co/HnpQebfzMA,Tue Apr 03 19:19:10 +0000 2018,-0.7579,0.0,0.634,0.366,63
463,@nytimes,"In Opinion,
The Rev. Jesse Jackson writes, ""We are in a battle for the soul of America, and it‚Äôs not enough to admi‚Ä¶ https://t.co/a7zVK74nUi",Tue Apr 03 19:13:43 +0000 2018,-0.3818,0.0,0.894,0.106,64
464,@nytimes,"When President Trump began railing against the state of American immigration measures over the weekend, it was hard‚Ä¶ https://t.co/N7ITYhVEPF",Tue Apr 03 19:00:17 +0000 2018,0.0,0.0,1.0,0.0,65
465,@nytimes,Many expensive drugs were invented in America ‚Äî and yet we paid more than any other rich nation to use them ourselv‚Ä¶ https://t.co/wQmV3Kywej,Tue Apr 03 18:45:03 +0000 2018,0.5574,0.146,0.854,0.0,66
466,@nytimes,The Indian government called the decree a crackdown on fake news. It lasted less than a day. https://t.co/CQ5qYgu6qr,Tue Apr 03 18:42:24 +0000 2018,-0.4767,0.0,0.829,0.171,67
467,@nytimes,RT @shailadewan: The Trump administration wants to use more private prisons. Here's a rare look at what they're like inside.  https://t.co/‚Ä¶,Tue Apr 03 18:34:12 +0000 2018,0.3612,0.116,0.884,0.0,68
468,@nytimes,Meet Samuel Barsky. The knitter has gained fame online for his photos of himself in front of famous landmarks with‚Ä¶ https://t.co/xQt1fVFpPi,Tue Apr 03 18:30:20 +0000 2018,0.6705,0.224,0.776,0.0,69
469,@nytimes,Want to find a city with a mix of jobs just like the place you already live in? Or maybe one that is as different a‚Ä¶ https://t.co/DfqIoY1TAE,Tue Apr 03 18:15:02 +0000 2018,0.4215,0.142,0.858,0.0,70
470,@nytimes,"Infowars published a photo of a man in ""communist garb"" and accused him of being the Parkland school shooter. Excep‚Ä¶ https://t.co/OGsRiMPkJh",Tue Apr 03 18:11:38 +0000 2018,-0.296,0.0,0.891,0.109,71
471,@nytimes,A new ruling in the Bill Cosby case means jurors will hear testimony from a woman who says his accuser was scheming‚Ä¶ https://t.co/fybXqH96PN,Tue Apr 03 18:07:03 +0000 2018,0.0,0.0,1.0,0.0,72
472,@nytimes,‚ÄúHouse Hunters‚Äù provides all the thrill of a dystopian hellscape with none of the fear https://t.co/QbwVjjCY9v,Tue Apr 03 18:00:21 +0000 2018,0.6283,0.283,0.717,0.0,73
473,@nytimes,"Cardi B will co-host ‚ÄúThe Tonight Show‚Äù with Jimmy Fallon next Monday night, the first time the show has ever had 2‚Ä¶ https://t.co/y7eatYWfk2",Tue Apr 03 17:50:02 +0000 2018,0.0,0.0,1.0,0.0,74
474,@nytimes,"In Opinion,
Op-Ed contributor Rawan Yaghi writes, ""The protesters who gathered under the burning midday sun display‚Ä¶ https://t.co/7xgo74nanv",Tue Apr 03 17:45:07 +0000 2018,-0.2263,0.0,0.899,0.101,75
475,@nytimes,RT @ShaneGoldmacher: NEWS: @CynthiaNixon told supporters at a private fundraiser last week that she wants to legalize marijuana ‚Äî and tax i‚Ä¶,Tue Apr 03 17:39:28 +0000 2018,0.4404,0.132,0.868,0.0,76
476,@nytimes,"If you saw an ad or an article pop up on your screen, you could click the ‚ÄúWhy Me?‚Äù button. Then you would see a fu‚Ä¶ https://t.co/MC4ido0TPe",Tue Apr 03 17:30:10 +0000 2018,0.0,0.0,1.0,0.0,77
477,@nytimes,"Breaking News: President Trump said that he planned to order the military to guard parts of the southern border, pr‚Ä¶ https://t.co/lpd34VQgT0",Tue Apr 03 17:25:40 +0000 2018,0.0,0.0,1.0,0.0,78
478,@nytimes,"The mythical nation featured in ‚ÄúBlack Panther‚Äù was long a mystery, but readers knew what they‚Äôd want to see on a v‚Ä¶ https://t.co/4VZ5xW31nc",Tue Apr 03 17:15:03 +0000 2018,0.1154,0.068,0.932,0.0,79
479,@nytimes,"Amazon does not own The Washington Post. President Trump, however ‚Äî impervious to certain facts and armed with a Tw‚Ä¶ https://t.co/ARhgRF5ehA",Tue Apr 03 17:00:25 +0000 2018,0.4215,0.183,0.817,0.0,80
480,@nytimes,"A mentally ill man on suicide watch hanged himself, gang members were allowed to beat other prisoners, and those wh‚Ä¶ https://t.co/J3FcNCdUVW",Tue Apr 03 16:45:08 +0000 2018,-0.891,0.0,0.616,0.384,81
481,@nytimes,"Progressive groups had pushed the Fed to diversify its senior leadership beyond Fed veterans and white males, and t‚Ä¶ https://t.co/zjVxyoezEN",Tue Apr 03 16:42:11 +0000 2018,0.0,0.0,1.0,0.0,82
482,@nytimes,The New York Stock Exchange flew the Swiss flag to honor Spotify's listing debut this morning‚Äî but it's a Swedish c‚Ä¶ https://t.co/49xnsRXiee,Tue Apr 03 16:30:04 +0000 2018,0.2732,0.095,0.905,0.0,83
483,@nytimes,"""I wouldn‚Äôt trade a year of comfort at home for what it felt like to be there, unable to hear anything but the roar‚Ä¶ https://t.co/pSEmYXChoR",Tue Apr 03 16:15:08 +0000 2018,0.3612,0.137,0.863,0.0,84
484,@nytimes,A former corporate lawyer is the first person sentenced in the Russia inquiry. Alex van der Zwaan got 30 days for l‚Ä¶ https://t.co/WsScUiJRhv,Tue Apr 03 16:06:03 +0000 2018,-0.0258,0.0,0.95,0.05,85
485,@nytimes,"On today‚Äôs internet, the devil‚Äôs advocate is less admired than ever, and it‚Äôs often the advocate‚Äôs own fault https://t.co/DImhNwdJU5",Tue Apr 03 16:00:30 +0000 2018,0.079,0.132,0.749,0.119,86
486,@nytimes,Bill Cosby‚Äôs criminal case provides the first high-profile sexual assault trial of the #MeToo era https://t.co/3Fj9VH8U27,Tue Apr 03 15:45:06 +0000 2018,-0.802,0.0,0.66,0.34,87
487,@nytimes,"Hillary Clinton‚Äôs loss prompted a surge of Democratic women running for office, and right behind them, a new legion‚Ä¶ https://t.co/vtWwq456Th",Tue Apr 03 15:30:14 +0000 2018,-0.3182,0.0,0.881,0.119,88
488,@nytimes,"‚ÄúApril is also National Presidential Unawareness Month,‚Äù Jimmy Fallon said after noting the president‚Äôs proclamation https://t.co/Y8d5dlNNR5",Tue Apr 03 15:23:24 +0000 2018,0.0,0.0,1.0,0.0,89
489,@nytimes,"Jeremy Corbyn, leader of Britain's opposition Labour Party, attended a Seder event with a group that has called Isr‚Ä¶ https://t.co/DDzrJJg4gb",Tue Apr 03 15:15:04 +0000 2018,0.4019,0.137,0.863,0.0,90
490,@nytimes,‚ÄúWine is something people can relate to. It‚Äôs like putting a tariff on Chinese dumplings. It‚Äôs something you can fe‚Ä¶ https://t.co/sgV65r7lc8,Tue Apr 03 15:07:04 +0000 2018,0.296,0.115,0.826,0.06,91
491,@nytimes,"From July 2017: Memphis said it intended to award tax-free grants of $50,000 each to surviving strikers ‚Äî an improv‚Ä¶ https://t.co/evcjLv1W24",Tue Apr 03 14:54:47 +0000 2018,0.7184,0.302,0.635,0.063,92
492,@nytimes,‚ÄúI really had a lot of animosity. I came from the streets; I was a street thug. And Dr. King was the one that taugh‚Ä¶ https://t.co/i9nbt93hBn,Tue Apr 03 14:51:33 +0000 2018,-0.4404,0.0,0.879,0.121,93
493,@nytimes,"‚ÄúBecause of Dr. King‚Äôs death, that was one of the reasons that Mayor Loeb went on and signed that union into a decr‚Ä¶ https://t.co/m6P5mSQJfb",Tue Apr 03 14:50:55 +0000 2018,-0.5994,0.0,0.849,0.151,94
494,@nytimes,"‚ÄúWhen we heard that Dr. King was coming to Memphis, to help us in that sanitation strike, we were very surprised. W‚Ä¶ https://t.co/UzOZTj0VSx",Tue Apr 03 14:50:12 +0000 2018,0.5256,0.185,0.758,0.057,95
495,@nytimes,"‚ÄúBack then working conditions, it was unbearable. After 3 weeks, after I got my first check, I broke down and cried‚Ä¶ https://t.co/1iDeMXPCTq",Tue Apr 03 14:49:09 +0000 2018,-0.4215,0.0,0.865,0.135,96
496,@nytimes,The Rev. Dr. Martin Luther King Jr. was assassinated 50 years ago. Cleophus Smith marched with Dr. King during the‚Ä¶ https://t.co/c92DbhqzPh,Tue Apr 03 14:48:22 +0000 2018,0.0,0.0,1.0,0.0,97
497,@nytimes,EPA chief Scott Pruitt had a $50-a-day condo linked to lobbyists. Their client‚Äôs project got approved. https://t.co/B86KEY0GCM,Tue Apr 03 14:41:49 +0000 2018,0.4215,0.157,0.843,0.0,98
498,@nytimes,"From last week: Here are the facts behind President Trump's tweets on Amazon, the Postal Service and taxes https://t.co/Dbf4N6dpE2",Tue Apr 03 14:37:03 +0000 2018,0.1779,0.086,0.914,0.0,99
499,@nytimes,On College Basketball: Donte DiVincenzo Is Villanova‚Äôs Newest Star. Next Year It‚Äôll Be Someone Else. https://t.co/VEdAn4yLUj,Tue Apr 03 14:31:32 +0000 2018,0.0,0.0,1.0,0.0,100
